order_id,type,side,price,quantity,timestamp
1,L,B,9993,378,0
2,L,S,10046,280,1000
3,L,B,10046,259,2000
4,L,S,10008,367,3000
5,L,S,10016,415,4000
6,C,,2,0,5000
7,M,B,0,20,6000
8,L,S,10087,53,7000
9,L,B,10052,414,8000
10,L,B,9926,64,9000
11,C,,5,0,10000
12,L,B,9905,186,11000
13,L,S,9900,24,12000
14,M,S,0,11,13000
15,C,,3,0,14000
16,L,B,10020,182,15000
17,L,B,9966,480,16000
18,M,B,0,82,17000
19,L,S,10033,474,18000
20,L,S,10055,351,19000
21,L,S,10116,413,20000
22,L,B,10042,109,21000
23,C,,19,0,22000
24,C,,12,0,23000
25,L,B,10071,74,24000
26,L,B,9937,288,25000
27,L,S,9921,186,26000
28,L,S,10038,261,27000
29,L,S,10024,82,28000
30,M,B,0,9,29000
31,L,S,9971,240,30000
32,L,S,10006,370,31000
33,L,S,9993,385,32000
34,L,S,10054,233,33000
35,L,S,10045,369,34000
36,L,S,10063,446,35000
37,L,S,10132,260,36000
38,L,B,10006,399,37000
39,C,,1,0,38000
40,L,B,9918,58,39000
41,C,,22,0,40000
42,L,B,9976,375,41000
43,L,B,9989,390,42000
44,L,B,9914,85,43000
45,L,S,9864,217,44000
46,C,,34,0,45000
47,M,S,0,92,46000
48,L,S,9958,265,47000
49,L,B,9943,33,48000
50,L,S,10005,37,49000
51,M,B,0,9,50000
52,C,,49,0,51000
53,L,S,10046,143,52000
54,M,B,0,17,53000
55,M,S,0,74,54000
56,L,S,10015,50,55000
57,M,B,0,53,56000
58,L,S,9960,345,57000
59,M,S,0,8,58000
60,L,B,10032,98,59000
61,L,B,9962,94,60000
62,L,B,10063,442,61000
63,C,,17,0,62000
64,L,S,9967,429,63000
65,L,B,10001,209,64000
66,L,B,9952,206,65000
67,C,,27,0,66000
68,L,S,9989,233,67000
69,L,S,10116,375,68000
70,C,,68,0,69000
71,M,B,0,25,70000
72,L,S,9927,383,71000
73,L,B,9961,245,72000
74,L,S,10093,42,73000
75,C,,13,0,74000
76,L,S,10141,121,75000
77,L,S,9921,21,76000
78,L,B,9963,299,77000
79,L,B,9994,161,78000
80,L,B,10099,344,79000
81,L,B,10140,5,80000
82,L,S,9933,52,81000
83,L,B,9986,452,82000
84,L,B,10154,146,83000
85,L,S,9974,414,84000
86,M,B,0,71,85000
87,L,S,9913,481,86000
88,C,,37,0,87000
89,L,B,9950,310,88000
90,L,B,9983,352,89000
91,L,B,9856,434,90000
92,L,S,10010,425,91000
93,L,B,10012,135,92000
94,L,B,9906,362,93000
95,L,B,10122,463,94000
96,L,B,10062,190,95000
97,L,B,10039,461,96000
98,C,,96,0,97000
99,L,B,10041,350,98000
100,L,B,10026,209,99000
101,C,,87,0,100000
102,L,S,9865,443,101000
103,L,S,10030,92,102000
104,M,B,0,53,103000
105,M,S,0,32,104000
106,L,S,10061,56,105000
107,L,B,9957,471,106000
108,L,B,10008,408,107000
109,C,,35,0,108000
110,L,B,9938,496,109000
111,M,B,0,66,110000
112,L,S,10117,275,111000
113,L,B,10037,298,112000
114,C,,72,0,113000
115,L,S,9964,177,114000
116,M,B,0,78,115000
117,C,,36,0,116000
118,L,S,9997,1,117000
119,L,S,10104,352,118000
120,M,S,0,86,119000
121,L,B,10142,320,120000
122,L,S,9953,369,121000
123,C,,119,0,122000
124,L,B,9955,66,123000
125,L,S,10032,195,124000
126,M,S,0,79,125000
127,L,B,10028,108,126000
128,L,S,9951,336,127000
129,L,B,9965,407,128000
130,C,,50,0,129000
131,M,B,0,85,130000
132,L,B,9929,420,131000
133,C,,69,0,132000
134,M,B,0,26,133000
135,L,B,10091,394,134000
136,L,B,9991,323,135000
137,L,S,9950,76,136000
138,M,B,0,97,137000
139,C,,33,0,138000
140,M,B,0,90,139000
141,L,B,10044,128,140000
142,C,,42,0,141000
143,L,S,9902,305,142000
144,L,S,9828,227,143000
145,L,S,9875,281,144000
146,L,B,9997,442,145000
147,L,B,10001,393,146000
148,M,B,0,31,147000
149,L,B,10094,147,148000
150,L,B,10021,78,149000
151,L,S,9983,362,150000
152,L,B,9964,32,151000
153,L,B,10065,464,152000
154,M,S,0,3,153000
155,C,,144,0,154000
156,L,B,9934,437,155000
157,C,,107,0,156000
158,L,S,10089,410,157000
159,L,B,10013,15,158000
160,L,S,10070,409,159000
161,L,B,9966,319,160000
162,L,S,10007,304,161000
163,L,B,9978,237,162000
164,L,B,9972,168,163000
165,L,B,10004,386,164000
166,C,,108,0,165000
167,L,B,9936,10,166000
168,M,B,0,45,167000
169,L,B,10018,16,168000
170,C,,64,0,169000
171,M,S,0,31,170000
172,L,S,9995,289,171000
173,C,,124,0,172000
174,M,S,0,22,173000
175,L,S,9978,84,174000
176,C,,38,0,175000
177,L,S,9887,295,176000
178,M,S,0,51,177000
179,C,,66,0,178000
180,L,S,9979,396,179000
181,L,S,9978,413,180000
182,L,S,10012,220,181000
183,M,B,0,83,182000
184,L,S,9940,422,183000
185,L,B,9909,236,184000
186,M,B,0,94,185000
187,L,S,10107,316,186000
188,M,S,0,62,187000
189,L,S,9951,126,188000
190,M,B,0,58,189000
191,L,B,9968,313,190000
192,M,B,0,64,191000
193,C,,62,0,192000
194,L,B,9998,306,193000
195,M,B,0,2,194000
196,L,B,10053,124,195000
197,M,B,0,98,196000
198,L,B,9983,9,197000
199,L,B,9930,355,198000
200,L,S,9943,177,199000
201,L,S,10062,170,200000
202,L,B,9984,370,201000
203,L,B,10045,275,202000
204,C,,180,0,203000
205,L,B,9894,390,204000
206,L,B,10010,52,205000
207,M,B,0,47,206000
208,L,B,9948,499,207000
209,L,B,9989,484,208000
210,L,S,9865,294,209000
211,L,B,10007,175,210000
212,L,B,10070,421,211000
213,L,B,9973,296,212000
214,L,B,10050,156,213000
215,L,B,10069,286,214000
216,M,S,0,80,215000
217,L,S,9932,441,216000
218,L,B,10022,292,217000
219,L,S,9990,107,218000
220,L,B,9839,42,219000
221,L,B,10004,231,220000
222,M,B,0,5,221000
223,L,S,10002,360,222000
224,C,,28,0,223000
225,M,S,0,81,224000
226,L,S,10010,116,225000
227,L,S,10031,424,226000
228,L,B,10023,423,227000
229,L,B,9914,64,228000
230,L,B,9957,277,229000
231,L,B,10030,21,230000
232,C,,194,0,231000
233,L,B,10143,429,232000
234,C,,159,0,233000
235,C,,201,0,234000
236,M,B,0,6,235000
237,M,B,0,67,236000
238,M,S,0,24,237000
239,C,,125,0,238000
240,L,B,10092,47,239000
241,L,B,9987,83,240000
242,L,S,10028,148,241000
243,M,B,0,98,242000
244,L,B,9977,497,243000
245,M,S,0,1,244000
246,M,S,0,53,245000
247,L,S,10054,319,246000
248,M,S,0,98,247000
249,L,B,10037,451,248000
250,M,B,0,81,249000
251,L,B,10040,82,250000
252,L,B,9961,431,251000
253,C,,230,0,252000
254,C,,93,0,253000
255,L,S,10025,261,254000
256,M,B,0,62,255000
257,C,,143,0,256000
258,L,B,10032,383,257000
259,C,,53,0,258000
260,L,S,10083,213,259000
261,L,S,10000,372,260000
262,L,S,10004,338,261000
263,L,B,9941,283,262000
264,M,B,0,42,263000
265,C,,145,0,264000
266,L,B,9986,398,265000
267,L,B,9855,196,266000
268,L,S,10024,421,267000
269,M,B,0,5,268000
270,L,S,9985,433,269000
271,L,S,10026,234,270000
272,L,B,10121,39,271000
273,L,S,9873,174,272000
274,L,B,10052,346,273000
275,C,,209,0,274000
276,C,,258,0,275000
277,C,,29,0,276000
278,L,B,10028,351,277000
279,C,,137,0,278000
280,M,B,0,13,279000
281,M,S,0,13,280000
282,L,S,10016,408,281000
283,L,B,9989,221,282000
284,L,S,9892,88,283000
285,L,S,9953,196,284000
286,L,B,10031,237,285000
287,L,B,9981,342,286000
288,L,S,10081,81,287000
289,L,S,9942,301,288000
290,L,S,9974,155,289000
291,L,B,9932,248,290000
292,L,B,9965,359,291000
293,L,S,10043,338,292000
294,L,B,10076,499,293000
295,L,S,9914,255,294000
296,M,S,0,100,295000
297,M,S,0,46,296000
298,L,B,10000,393,297000
299,M,S,0,81,298000
300,L,S,10111,21,299000
301,L,B,9906,47,300000
302,C,,187,0,301000
303,M,B,0,17,302000
304,M,S,0,47,303000
305,L,S,9949,426,304000
306,L,S,10163,152,305000
307,M,B,0,15,306000
308,L,B,9941,387,307000
309,C,,218,0,308000
310,C,,291,0,309000
311,L,S,10082,233,310000
312,L,S,10007,135,311000
313,L,S,10029,120,312000
314,L,S,9989,483,313000
315,L,S,10004,422,314000
316,L,S,10023,333,315000
317,L,B,10053,253,316000
318,L,B,9982,276,317000
319,L,B,9948,485,318000
320,L,S,9904,373,319000
321,L,B,10062,209,320000
322,C,,163,0,321000
323,L,B,10045,228,322000
324,L,B,9878,189,323000
325,L,S,10142,184,324000
326,L,B,10159,422,325000
327,L,S,9968,329,326000
328,L,S,10057,65,327000
329,M,B,0,98,328000
330,L,S,10018,417,329000
331,C,,196,0,330000
332,M,S,0,77,331000
333,L,S,10021,129,332000
334,M,B,0,4,333000
335,L,B,10027,404,334000
336,L,B,10010,380,335000
337,L,B,10019,33,336000
338,L,S,9969,258,337000
339,L,S,9998,373,338000
340,M,S,0,67,339000
341,L,S,10200,434,340000
342,L,S,10046,252,341000
343,M,B,0,11,342000
344,L,B,10065,300,343000
345,L,B,10066,306,344000
346,L,B,9976,360,345000
347,L,S,9982,450,346000
348,M,S,0,28,347000
349,L,S,9893,205,348000
350,L,B,10064,219,349000
351,L,B,10097,243,350000
352,L,S,9971,48,351000
353,L,S,9976,31,352000
354,L,S,10025,169,353000
355,M,B,0,86,354000
356,C,,233,0,355000
357,C,,354,0,356000
358,L,B,9989,260,357000
359,L,S,10028,115,358000
360,M,B,0,72,359000
361,L,S,9892,433,360000
362,L,S,9946,319,361000
363,L,S,10151,425,362000
364,M,B,0,35,363000
365,M,B,0,44,364000
366,L,B,10025,74,365000
367,L,B,10059,16,366000
368,L,S,10073,193,367000
369,L,B,9927,398,368000
370,C,,314,0,369000
371,L,B,10077,81,370000
372,M,B,0,11,371000
373,L,S,9929,140,372000
374,L,S,10006,177,373000
375,L,B,9967,342,374000
376,L,B,9931,307,375000
377,L,B,10107,392,376000
378,L,B,9962,4,377000
379,L,B,10056,118,378000
380,L,S,10059,413,379000
381,L,B,9997,236,380000
382,C,,184,0,381000
383,L,S,9929,364,382000
384,L,B,9857,88,383000
385,M,S,0,89,384000
386,C,,74,0,385000
387,L,B,10097,224,386000
388,L,S,9955,174,387000
389,L,S,10034,40,388000
390,L,B,9856,179,389000
391,L,S,9991,331,390000
392,M,B,0,19,391000
393,L,B,10064,39,392000
394,L,S,10092,253,393000
395,L,S,9912,452,394000
396,L,S,9952,320,395000
397,L,S,9972,241,396000
398,L,B,10065,141,397000
399,L,B,10066,20,398000
400,L,S,10033,40,399000
401,L,S,10075,197,400000
402,L,S,10048,406,401000
403,M,B,0,74,402000
404,M,B,0,61,403000
405,L,S,9885,429,404000
406,L,S,10037,259,405000
407,L,B,9947,269,406000
408,L,B,9803,191,407000
409,C,,221,0,408000
410,L,B,9904,332,409000
411,L,B,9933,286,410000
412,M,B,0,93,411000
413,C,,320,0,412000
414,C,,202,0,413000
415,L,S,10049,336,414000
416,M,B,0,77,415000
417,M,B,0,72,416000
418,L,S,9972,417,417000
419,L,S,10200,468,418000
420,L,S,9926,217,419000
421,L,B,9941,175,420000
422,C,,274,0,421000
423,L,S,10152,80,422000
424,L,S,10092,428,423000
425,M,S,0,85,424000
426,L,S,10067,68,425000
427,L,B,10043,320,426000
428,M,B,0,57,427000
429,L,B,10092,369,428000
430,L,B,9976,230,429000
431,L,B,10108,495,430000
432,M,B,0,25,431000
433,L,S,10073,145,432000
434,M,S,0,54,433000
435,C,,399,0,434000
436,L,S,9993,447,435000
437,L,S,10059,53,436000
438,M,S,0,16,437000
439,L,S,9940,140,438000
440,L,S,10014,467,439000
441,L,B,9975,179,440000
442,C,,242,0,441000
443,L,S,10019,192,442000
444,L,B,10200,51,443000
445,M,S,0,19,444000
446,L,B,10049,72,445000
447,M,B,0,79,446000
448,L,B,9910,132,447000
449,L,B,10084,217,448000
450,L,B,9967,155,449000
451,L,B,9941,33,450000
452,L,S,9929,306,451000
453,L,S,9906,150,452000
454,L,S,9952,124,453000
455,L,B,9961,185,454000
456,L,S,9930,260,455000
457,M,S,0,3,456000
458,L,B,9877,130,457000
459,M,B,0,9,458000
460,L,S,9859,322,459000
461,L,S,10001,181,460000
462,L,S,9965,90,461000
463,M,S,0,90,462000
464,L,B,10070,484,463000
465,L,B,10079,23,464000
466,M,S,0,41,465000
467,C,,289,0,466000
468,L,S,9983,332,467000
469,L,B,10003,400,468000
470,L,S,9983,224,469000
471,C,,378,0,470000
472,L,S,10118,174,471000
473,C,,285,0,472000
474,M,B,0,67,473000
475,L,B,9938,422,474000
476,L,B,10032,53,475000
477,L,S,9969,219,476000
478,L,B,10084,229,477000
479,L,S,9858,141,478000
480,L,S,10189,30,479000
481,L,S,9922,348,480000
482,L,B,10090,435,481000
483,L,S,10024,399,482000
484,L,B,10005,487,483000
485,L,S,9930,191,484000
486,L,B,9854,71,485000
487,L,B,9971,59,486000
488,L,B,9960,266,487000
489,L,S,9997,229,488000
490,L,S,10051,356,489000
491,C,,469,0,490000
492,L,B,10036,366,491000
493,L,B,10018,350,492000
494,C,,341,0,493000
495,M,S,0,71,494000
496,L,S,10062,475,495000
497,M,B,0,47,496000
498,L,B,9916,103,497000
499,M,B,0,64,498000
500,L,S,9919,283,499000
501,L,S,10088,34,500000
502,L,S,9985,394,501000
503,L,S,9921,65,502000
504,C,,95,0,503000
505,L,S,9924,400,504000
506,L,S,10113,394,505000
507,C,,429,0,506000
508,L,S,10039,156,507000
509,L,B,9930,364,508000
510,L,S,9946,41,509000
511,L,S,9994,283,510000
512,L,S,9978,329,511000
513,L,S,9981,79,512000
514,L,S,10049,474,513000
515,L,S,9966,15,514000
516,L,S,10006,108,515000
517,M,B,0,82,516000
518,L,S,9949,280,517000
519,L,S,9881,351,518000
520,L,B,10012,353,519000
521,L,B,9956,311,520000
522,L,S,10004,164,521000
523,M,S,0,52,522000
524,L,B,9946,239,523000
525,L,B,9978,73,524000
526,L,B,9932,128,525000
527,C,,198,0,526000
528,M,S,0,93,527000
529,L,S,10061,256,528000
530,C,,456,0,529000
531,L,B,10158,259,530000
532,L,B,10023,299,531000
533,L,B,9863,335,532000
534,M,B,0,2,533000
535,M,B,0,34,534000
536,M,S,0,47,535000
537,L,B,10004,288,536000
538,L,S,10070,392,537000
539,L,S,10035,320,538000
540,M,B,0,13,539000
541,L,S,9917,387,540000
542,L,S,10133,206,541000
543,L,B,10039,243,542000
544,L,B,10045,458,543000
545,L,B,9970,316,544000
546,M,B,0,44,545000
547,L,S,9975,251,546000
548,M,B,0,3,547000
549,L,S,10087,408,548000
550,C,,44,0,549000
551,L,B,9989,336,550000
552,M,S,0,74,551000
553,L,B,9920,370,552000
554,L,S,10009,76,553000
555,M,B,0,74,554000
556,C,,146,0,555000
557,L,B,9940,105,556000
558,L,S,10033,472,557000
559,L,S,9986,266,558000
560,L,B,9897,340,559000
561,L,B,10071,273,560000
562,L,B,9981,396,561000
563,C,,306,0,562000
564,L,B,10001,116,563000
565,C,,333,0,564000
566,M,S,0,89,565000
567,M,B,0,45,566000
568,L,S,10085,370,567000
569,L,B,9972,203,568000
570,M,S,0,19,569000
571,L,B,9942,366,570000
572,L,S,9939,110,571000
573,L,S,9909,478,572000
574,L,B,10084,123,573000
575,L,S,10069,272,574000
576,L,B,10048,242,575000
577,L,S,10035,3,576000
578,C,,200,0,577000
579,L,S,10054,103,578000
580,M,B,0,37,579000
581,L,S,9948,46,580000
582,M,B,0,95,581000
583,M,S,0,23,582000
584,L,S,10016,429,583000
585,L,B,9993,480,584000
586,M,S,0,38,585000
587,C,,16,0,586000
588,L,S,10054,233,587000
589,C,,519,0,588000
590,L,S,9974,69,589000
591,C,,468,0,590000
592,L,S,9948,332,591000
593,L,B,10094,378,592000
594,L,B,9981,313,593000
595,C,,419,0,594000
596,M,S,0,12,595000
597,L,B,9962,72,596000
598,L,S,10065,229,597000
599,M,S,0,39,598000
600,L,S,10002,134,599000
601,M,S,0,8,600000
602,M,B,0,21,601000
603,L,S,10082,160,602000
604,M,S,0,38,603000
605,L,B,9937,491,604000
606,L,B,9999,213,605000
607,M,S,0,97,606000
608,L,S,9910,112,607000
609,M,S,0,77,608000
610,C,,110,0,609000
611,L,S,9904,58,610000
612,L,S,10113,259,611000
613,L,S,10066,227,612000
614,L,B,10112,299,613000
615,L,S,9979,68,614000
616,L,B,10007,30,615000
617,L,S,9996,131,616000
618,M,S,0,75,617000
619,L,B,10013,359,618000
620,L,S,10023,479,619000
621,L,B,9990,93,620000
622,M,S,0,94,621000
623,L,B,10065,446,622000
624,C,,397,0,623000
625,L,S,9998,339,624000
626,C,,169,0,625000
627,M,B,0,23,626000
628,C,,411,0,627000
629,L,S,10000,12,628000
630,C,,476,0,629000
631,M,S,0,69,630000
632,L,B,10005,236,631000
633,L,B,10098,58,632000
634,L,S,9959,315,633000
635,M,S,0,3,634000
636,L,B,9940,345,635000
637,M,B,0,95,636000
638,L,B,9960,277,637000
639,L,S,10074,149,638000
640,L,S,10027,295,639000
641,L,S,9973,155,640000
642,C,,629,0,641000
643,L,B,9949,141,642000
644,L,S,10106,321,643000
645,M,S,0,7,644000
646,C,,614,0,645000
647,M,S,0,41,646000
648,M,B,0,39,647000
649,L,S,9900,243,648000
650,L,B,10023,238,649000
651,C,,544,0,650000
652,L,B,9971,272,651000
653,L,B,10027,473,652000
654,L,B,10092,275,653000
655,M,B,0,35,654000
656,L,S,10025,412,655000
657,M,S,0,72,656000
658,L,B,10006,465,657000
659,L,S,10156,493,658000
660,M,S,0,97,659000
661,L,B,10015,310,660000
662,M,B,0,31,661000
663,L,S,9940,184,662000
664,L,B,10056,452,663000
665,L,B,10074,430,664000
666,L,B,9992,161,665000
667,L,S,10006,134,666000
668,L,S,10036,369,667000
669,L,B,9969,427,668000
670,L,S,10057,484,669000
671,M,B,0,63,670000
672,C,,615,0,671000
673,M,B,0,94,672000
674,M,B,0,93,673000
675,L,B,10155,491,674000
676,L,B,9870,434,675000
677,L,S,10007,71,676000
678,M,B,0,91,677000
679,L,B,10002,234,678000
680,L,S,9954,248,679000
681,M,B,0,69,680000
682,L,B,9921,272,681000
683,M,S,0,37,682000
684,L,S,9945,466,683000
685,L,S,9893,269,684000
686,L,B,9880,137,685000
687,M,B,0,52,686000
688,L,B,9980,357,687000
689,L,S,10056,440,688000
690,L,B,9921,208,689000
691,L,S,10008,88,690000
692,L,S,10003,331,691000
693,M,S,0,13,692000
694,C,,77,0,693000
695,L,S,9970,139,694000
696,L,B,9920,474,695000
697,L,S,9978,436,696000
698,L,S,9965,301,697000
699,L,S,10066,154,698000
700,L,B,9862,428,699000
701,M,S,0,70,700000
702,L,S,10127,371,701000
703,L,S,10153,178,702000
704,L,B,10032,394,703000
705,L,S,9949,497,704000
706,M,B,0,35,705000
707,M,B,0,30,706000
708,L,S,9909,339,707000
709,L,S,10041,152,708000
710,M,S,0,11,709000
711,L,B,10008,200,710000
712,L,B,9963,3,711000
713,C,,458,0,712000
714,L,B,10028,230,713000
715,L,S,10031,53,714000
716,L,B,10075,167,715000
717,C,,25,0,716000
718,L,B,10049,44,717000
719,M,S,0,32,718000
720,L,B,9974,155,719000
721,L,B,10024,86,720000
722,L,B,9974,129,721000
723,C,,689,0,722000
724,L,S,10002,101,723000
725,L,B,10066,431,724000
726,L,S,10002,169,725000
727,L,B,10043,305,726000
728,L,B,9914,486,727000
729,M,B,0,23,728000
730,C,,361,0,729000
731,L,S,9913,125,730000
732,L,B,10004,403,731000
733,L,B,9918,280,732000
734,L,S,9966,14,733000
735,C,,480,0,734000
736,C,,267,0,735000
737,L,B,9957,408,736000
738,M,S,0,18,737000
739,L,B,9885,338,738000
740,L,B,9948,307,739000
741,L,B,10050,260,740000
742,C,,669,0,741000
743,L,B,10101,416,742000
744,L,S,9980,44,743000
745,L,B,9980,314,744000
746,L,S,9966,347,745000
747,L,S,9942,55,746000
748,L,B,10103,262,747000
749,M,S,0,89,748000
750,L,B,9912,302,749000
751,M,B,0,4,750000
752,L,B,10072,472,751000
753,C,,158,0,752000
754,M,S,0,45,753000
755,L,B,10020,244,754000
756,L,S,10073,232,755000
757,L,B,10012,435,756000
758,L,B,9970,410,757000
759,L,S,10001,82,758000
760,L,B,10041,237,759000
761,L,B,10038,222,760000
762,L,S,10087,453,761000
763,L,S,9921,106,762000
764,L,S,10066,408,763000
765,L,B,10029,167,764000
766,L,B,9970,344,765000
767,C,,529,0,766000
768,C,,359,0,767000
769,L,S,9948,433,768000
770,L,B,9968,345,769000
771,M,B,0,79,770000
772,L,S,9981,60,771000
773,L,S,10045,262,772000
774,L,S,9938,250,773000
775,L,S,9969,331,774000
776,C,,226,0,775000
777,L,B,10036,231,776000
778,L,S,10044,488,777000
779,L,B,10068,259,778000
780,M,B,0,63,779000
781,L,S,9843,251,780000
782,L,S,10013,17,781000
783,L,S,9955,87,782000
784,M,S,0,99,783000
785,M,S,0,15,784000
786,L,B,9804,278,785000
787,M,B,0,93,786000
788,L,B,9946,218,787000
789,L,S,10000,17,788000
790,L,B,9944,419,789000
791,L,S,10090,108,790000
792,M,S,0,45,791000
793,C,,605,0,792000
794,L,B,10081,72,793000
795,M,S,0,8,794000
796,L,S,9967,361,795000
797,L,S,9977,488,796000
798,C,,667,0,797000
799,M,B,0,97,798000
800,M,S,0,36,799000
801,C,,167,0,800000
802,M,B,0,19,801000
803,M,S,0,98,802000
804,M,B,0,19,803000
805,L,B,9938,325,804000
806,M,S,0,52,805000
807,L,B,10037,480,806000
808,C,,482,0,807000
809,C,,375,0,808000
810,L,S,10016,498,809000
811,L,S,9976,184,810000
812,C,,761,0,811000
813,L,B,9959,138,812000
814,L,B,10019,281,813000
815,L,S,9940,350,814000
816,M,B,0,81,815000
817,M,B,0,16,816000
818,C,,213,0,817000
819,L,B,10005,491,818000
820,L,S,10116,155,819000
821,L,S,9926,141,820000
822,L,B,10085,333,821000
823,L,B,10048,157,822000
824,M,S,0,55,823000
825,M,S,0,1,824000
826,L,B,9933,228,825000
827,L,S,9956,419,826000
828,L,S,9974,118,827000
829,L,S,9929,53,828000
830,L,B,9981,417,829000
831,M,B,0,87,830000
832,L,S,10062,5,831000
833,L,B,9973,384,832000
834,L,B,10037,352,833000
835,L,B,10029,64,834000
836,L,B,9978,494,835000
837,L,S,10001,128,836000
838,L,S,10095,312,837000
839,L,S,10127,449,838000
840,L,S,10021,261,839000
841,L,B,9930,407,840000
842,C,,513,0,841000
843,L,B,9908,327,842000
844,L,S,10194,479,843000
845,L,B,9973,430,844000
846,L,B,9954,489,845000
847,C,,103,0,846000
848,L,B,9897,135,847000
849,L,S,10063,147,848000
850,L,S,9979,213,849000
851,L,B,9948,79,850000
852,L,B,9937,262,851000
853,C,,774,0,852000
854,L,B,9904,333,853000
855,M,B,0,90,854000
856,L,S,9942,123,855000
857,L,B,9933,312,856000
858,L,S,10029,337,857000
859,M,B,0,91,858000
860,L,B,9939,265,859000
861,M,S,0,22,860000
862,L,S,10001,448,861000
863,L,S,10002,414,862000
864,L,S,9984,135,863000
865,M,S,0,10,864000
866,L,S,10124,86,865000
867,L,B,10045,53,866000
868,C,,677,0,867000
869,M,B,0,66,868000
870,L,S,10020,187,869000
871,L,B,10001,477,870000
872,C,,73,0,871000
873,L,S,9996,165,872000
874,L,S,9931,164,873000
875,L,B,9946,462,874000
876,L,B,10056,265,875000
877,C,,443,0,876000
878,L,B,9975,168,877000
879,L,B,10126,189,878000
880,L,S,9970,238,879000
881,L,S,10087,396,880000
882,M,S,0,70,881000
883,M,B,0,1,882000
884,C,,48,0,883000
885,L,B,10072,487,884000
886,L,S,9885,193,885000
887,M,S,0,14,886000
888,L,S,9852,498,887000
889,C,,711,0,888000
890,L,B,10082,119,889000
891,C,,542,0,890000
892,L,S,9894,298,891000
893,L,B,10028,420,892000
894,L,S,10090,67,893000
895,L,B,10037,162,894000
896,C,,439,0,895000
897,M,S,0,41,896000
898,L,B,10033,395,897000
899,L,B,9988,85,898000
900,L,B,10045,395,899000
901,L,B,10043,136,900000
902,C,,135,0,901000
903,L,S,10047,21,902000
904,L,S,9909,76,903000
905,L,B,9951,347,904000
906,L,S,10063,90,905000
907,L,B,9895,128,906000
908,L,B,10032,407,907000
909,L,B,10091,67,908000
910,L,B,9834,352,909000
911,L,S,9956,417,910000
912,L,S,9975,102,911000
913,C,,486,0,912000
914,M,B,0,43,913000
915,L,S,10143,222,914000
916,M,B,0,4,915000
917,L,B,10047,182,916000
918,L,B,9975,18,917000
919,L,S,10135,332,918000
920,L,B,9978,144,919000
921,L,B,9993,330,920000
922,C,,554,0,921000
923,L,S,9988,196,922000
924,M,B,0,70,923000
925,M,B,0,73,924000
926,L,B,9997,93,925000
927,L,S,10119,144,926000
928,L,S,10022,272,927000
929,L,S,10004,127,928000
930,M,B,0,95,929000
931,L,S,10039,113,930000
932,L,S,9881,433,931000
933,L,B,10100,163,932000
934,M,S,0,76,933000
935,L,S,10081,289,934000
936,C,,822,0,935000
937,C,,851,0,936000
938,C,,569,0,937000
939,L,B,9973,47,938000
940,L,S,10075,170,939000
941,C,,273,0,940000
942,M,B,0,23,941000
943,C,,832,0,942000
944,C,,94,0,943000
945,L,S,10009,470,944000
946,L,B,9938,38,945000
947,L,S,9990,203,946000
948,L,B,9920,375,947000
949,C,,782,0,948000
950,L,B,10163,163,949000
951,L,S,9947,403,950000
952,L,S,9857,418,951000
953,L,B,9987,374,952000
954,L,S,9968,294,953000
955,L,S,10016,309,954000
956,L,S,9997,314,955000
957,L,S,10033,382,956000
958,L,B,9986,164,957000
959,L,S,10088,328,958000
960,M,B,0,2,959000
961,L,B,10055,35,960000
962,L,S,9997,225,961000
963,M,S,0,53,962000
964,L,B,9980,280,963000
965,L,S,10021,389,964000
966,M,B,0,10,965000
967,M,B,0,3,966000
968,L,S,9916,38,967000
969,L,S,10013,483,968000
970,C,,262,0,969000
971,L,S,10022,458,970000
972,L,B,10037,456,971000
973,L,B,9986,170,972000
974,L,B,9966,374,973000
975,L,S,9900,153,974000
976,L,B,9886,79,975000
977,L,B,9945,45,976000
978,L,S,9965,14,977000
979,L,S,9974,42,978000
980,L,B,10016,459,979000
981,M,B,0,70,980000
982,L,B,9927,196,981000
983,L,B,9994,116,982000
984,M,S,0,20,983000
985,M,S,0,11,984000
986,M,S,0,53,985000
987,C,,500,0,986000
988,L,S,10074,420,987000
989,L,S,9940,294,988000
990,C,,915,0,989000
991,L,B,9856,438,990000
992,M,S,0,67,991000
993,M,S,0,80,992000
994,L,S,9846,86,993000
995,C,,440,0,994000
996,L,B,10051,350,995000
997,L,S,9912,133,996000
998,L,S,9910,414,997000
999,L,B,9953,142,998000
1000,L,S,10035,7,999000
1001,M,S,0,67,1000000
1002,M,B,0,20,1001000
1003,L,S,10008,474,1002000
1004,L,S,9843,403,1003000
1005,L,S,9962,197,1004000
1006,M,S,0,61,1005000
1007,L,B,10056,74,1006000
1008,L,S,9946,451,1007000
1009,L,B,10038,382,1008000
1010,L,B,9958,407,1009000
1011,L,B,10043,252,1010000
1012,C,,272,0,1011000
1013,C,,505,0,1012000
1014,L,S,9884,138,1013000
1015,M,S,0,12,1014000
1016,L,B,10043,422,1015000
1017,L,B,9936,29,1016000
1018,L,B,9994,160,1017000
1019,M,B,0,100,1018000
1020,C,,92,0,1019000
1021,L,S,10006,17,1020000
1022,L,S,10021,361,1021000
1023,L,B,9935,473,1022000
1024,L,B,10014,191,1023000
1025,L,B,10073,283,1024000
1026,L,B,9982,458,1025000
1027,L,S,10013,26,1026000
1028,L,S,10008,495,1027000
1029,L,B,10007,334,1028000
1030,L,B,10044,400,1029000
1031,C,,40,0,1030000
1032,L,B,10055,115,1031000
1033,L,S,10106,157,1032000
1034,M,S,0,36,1033000
1035,L,B,9971,239,1034000
1036,L,S,10041,320,1035000
1037,L,B,9903,432,1036000
1038,M,S,0,77,1037000
1039,L,B,9993,56,1038000
1040,L,B,9991,142,1039000
1041,L,S,10058,457,1040000
1042,M,B,0,67,1041000
1043,M,S,0,77,1042000
1044,L,B,10009,255,1043000
1045,C,,562,0,1044000
1046,C,,820,0,1045000
1047,L,B,10011,363,1046000
1048,C,,441,0,1047000
1049,L,S,9963,244,1048000
1050,C,,741,0,1049000
1051,L,S,9913,431,1050000
1052,M,S,0,38,1051000
1053,L,B,9994,391,1052000
1054,C,,704,0,1053000
1055,M,B,0,29,1054000
1056,M,B,0,43,1055000
1057,L,S,10121,238,1056000
1058,C,,921,0,1057000
1059,L,S,9919,242,1058000
1060,C,,971,0,1059000
1061,L,S,9956,272,1060000
1062,L,B,10022,103,1061000
1063,L,S,9972,458,1062000
1064,C,,904,0,1063000
1065,L,S,10011,171,1064000
1066,L,B,10024,325,1065000
1067,L,B,10029,296,1066000
1068,M,B,0,98,1067000
1069,M,B,0,56,1068000
1070,L,B,10111,495,1069000
1071,L,B,9895,487,1070000
1072,L,B,9978,427,1071000
1073,L,B,10108,116,1072000
1074,M,B,0,17,1073000
1075,L,S,10002,157,1074000
1076,L,S,9984,373,1075000
1077,L,S,10052,223,1076000
1078,C,,344,0,1077000
1079,L,S,9973,486,1078000
1080,C,,827,0,1079000
1081,L,B,10033,68,1080000
1082,L,B,9966,365,1081000
1083,M,B,0,82,1082000
1084,L,S,10000,25,1083000
1085,L,B,10098,25,1084000
1086,M,B,0,49,1085000
1087,L,B,10079,360,1086000
1088,L,S,9962,339,1087000
1089,L,S,9959,319,1088000
1090,L,B,10015,369,1089000
1091,L,B,9973,402,1090000
1092,L,B,10016,268,1091000
1093,C,,744,0,1092000
1094,M,B,0,6,1093000
1095,L,S,10049,353,1094000
1096,C,,699,0,1095000
1097,L,B,10027,294,1096000
1098,M,B,0,12,1097000
1099,M,B,0,93,1098000
1100,L,B,10017,119,1099000
1101,L,S,9999,417,1100000
1102,L,B,10021,149,1101000
1103,L,S,9971,436,1102000
1104,M,B,0,18,1103000
1105,M,B,0,46,1104000
1106,C,,584,0,1105000
1107,C,,268,0,1106000
1108,L,B,10014,59,1107000
1109,L,S,9991,436,1108000
1110,L,B,10065,454,1109000
1111,M,B,0,90,1110000
1112,M,S,0,21,1111000
1113,L,S,9915,225,1112000
1114,L,B,10009,184,1113000
1115,L,S,10078,457,1114000
1116,L,S,9927,58,1115000
1117,C,,888,0,1116000
1118,L,B,9960,348,1117000
1119,L,S,10095,371,1118000
1120,L,S,9971,268,1119000
1121,M,S,0,56,1120000
1122,M,B,0,45,1121000
1123,M,S,0,20,1122000
1124,M,S,0,79,1123000
1125,L,S,9947,81,1124000
1126,L,B,9960,385,1125000
1127,L,B,10001,497,1126000
1128,L,S,9939,419,1127000
1129,L,B,9980,411,1128000
1130,L,B,9942,255,1129000
1131,M,B,0,52,1130000
1132,L,S,10000,1,1131000
1133,M,S,0,80,1132000
1134,L,S,9911,234,1133000
1135,C,,758,0,1134000
1136,M,S,0,59,1135000
1137,L,S,9963,308,1136000
1138,L,S,9994,389,1137000
1139,M,B,0,46,1138000
1140,M,S,0,38,1139000
1141,L,B,9968,55,1140000
1142,L,B,10067,370,1141000
1143,L,B,10081,101,1142000
1144,L,S,9943,401,1143000
1145,L,B,10045,388,1144000
1146,L,S,10046,396,1145000
1147,C,,917,0,1146000
1148,M,S,0,18,1147000
1149,C,,20,0,1148000
1150,L,B,9925,479,1149000
1151,L,S,10103,467,1150000
1152,L,S,9947,375,1151000
1153,M,B,0,85,1152000
1154,L,S,9935,312,1153000
1155,C,,551,0,1154000
1156,L,S,9999,497,1155000
1157,L,S,10058,454,1156000
1158,M,B,0,90,1157000
1159,L,B,10069,378,1158000
1160,C,,496,0,1159000
1161,L,S,9985,345,1160000
1162,L,S,10059,500,1161000
1163,C,,997,0,1162000
1164,L,S,9973,288,1163000
1165,L,S,9891,342,1164000
1166,M,S,0,69,1165000
1167,L,S,10029,13,1166000
1168,L,B,9925,29,1167000
1169,L,S,10029,129,1168000
1170,L,B,10046,402,1169000
1171,L,S,10119,53,1170000
1172,L,S,10024,288,1171000
1173,C,,1088,0,1172000
1174,L,S,10029,355,1173000
1175,M,S,0,50,1174000
1176,L,S,9902,351,1175000
1177,L,S,10050,318,1176000
1178,C,,899,0,1177000
1179,M,S,0,91,1178000
1180,M,B,0,76,1179000
1181,L,S,10004,398,1180000
1182,M,B,0,58,1181000
1183,L,S,10015,264,1182000
1184,L,B,10038,143,1183000
1185,L,B,9956,170,1184000
1186,L,S,9975,21,1185000
1187,L,B,10146,316,1186000
1188,M,B,0,74,1187000
1189,L,B,10048,363,1188000
1190,L,B,10010,259,1189000
1191,L,S,10022,207,1190000
1192,L,B,10013,185,1191000
1193,L,S,10058,317,1192000
1194,L,S,10083,5,1193000
1195,L,B,9832,124,1194000
1196,C,,1177,0,1195000
1197,C,,543,0,1196000
1198,C,,695,0,1197000
1199,L,S,10038,371,1198000
1200,L,S,10033,421,1199000
1201,M,S,0,66,1200000
1202,L,B,10034,264,1201000
1203,L,B,9974,498,1202000
1204,C,,1057,0,1203000
1205,L,S,10022,110,1204000
1206,C,,871,0,1205000
1207,M,B,0,90,1206000
1208,C,,892,0,1207000
1209,L,S,10091,383,1208000
1210,M,B,0,92,1209000
1211,L,B,10111,286,1210000
1212,L,S,10039,467,1211000
1213,L,B,9952,9,1212000
1214,L,B,9949,4,1213000
1215,L,S,10003,359,1214000
1216,M,B,0,65,1215000
1217,L,S,9912,155,1216000
1218,L,B,10058,421,1217000
1219,M,B,0,69,1218000
1220,L,S,9971,408,1219000
1221,M,S,0,82,1220000
1222,L,S,10101,374,1221000
1223,L,S,9940,6,1222000
1224,L,S,10004,306,1223000
1225,L,S,10004,44,1224000
1226,L,S,10050,212,1225000
1227,C,,1018,0,1226000
1228,L,B,9966,316,1227000
1229,M,B,0,24,1228000
1230,M,S,0,7,1229000
1231,C,,1081,0,1230000
1232,L,S,9994,51,1231000
1233,L,S,10024,488,1232000
1234,L,B,9983,318,1233000
1235,L,B,9975,249,1234000
1236,L,S,9970,290,1235000
1237,L,S,10082,491,1236000
1238,L,B,10001,379,1237000
1239,L,B,10047,185,1238000
1240,L,S,10053,184,1239000
1241,M,B,0,14,1240000
1242,L,S,9949,431,1241000
1243,L,S,10034,376,1242000
1244,C,,227,0,1243000
1245,M,S,0,65,1244000
1246,L,S,9973,297,1245000
1247,L,S,10070,279,1246000
1248,C,,1067,0,1247000
1249,L,S,9954,188,1248000
1250,L,S,9889,69,1249000
1251,L,S,9930,204,1250000
1252,L,B,10011,315,1251000
1253,M,S,0,18,1252000
1254,L,B,10171,486,1253000
1255,L,S,10065,481,1254000
1256,L,B,10085,250,1255000
1257,L,B,10009,266,1256000
1258,C,,763,0,1257000
1259,L,S,10098,452,1258000
1260,L,S,9954,267,1259000
1261,L,B,10092,380,1260000
1262,L,S,10044,188,1261000
1263,L,S,10086,40,1262000
1264,L,B,10067,181,1263000
1265,M,B,0,62,1264000
1266,C,,31,0,1265000
1267,L,B,9956,85,1266000
1268,L,S,9993,81,1267000
1269,L,S,10037,61,1268000
1270,M,B,0,43,1269000
1271,M,B,0,62,1270000
1272,L,S,9959,125,1271000
1273,L,S,9946,83,1272000
1274,L,S,10029,86,1273000
1275,L,B,9977,491,1274000
1276,L,S,9912,373,1275000
1277,M,B,0,11,1276000
1278,L,S,9896,242,1277000
1279,C,,408,0,1278000
1280,L,B,10055,393,1279000
1281,L,S,10068,136,1280000
1282,L,S,10079,36,1281000
1283,L,B,9958,56,1282000
1284,L,S,10085,424,1283000
1285,L,B,9946,244,1284000
1286,C,,1174,0,1285000
1287,L,S,9967,247,1286000
1288,M,S,0,70,1287000
1289,M,S,0,100,1288000
1290,M,B,0,54,1289000
1291,L,B,10000,272,1290000
1292,L,S,9887,180,1291000
1293,L,S,10012,390,1292000
1294,M,S,0,55,1293000
1295,L,B,10014,146,1294000
1296,L,S,10131,132,1295000
1297,L,S,10021,61,1296000
1298,L,B,9916,106,1297000
1299,M,B,0,47,1298000
1300,L,B,9956,275,1299000
1301,L,B,9974,142,1300000
1302,C,,837,0,1301000
1303,M,B,0,72,1302000
1304,L,B,9952,158,1303000
1305,L,S,9983,204,1304000
1306,M,S,0,85,1305000
1307,L,B,10033,52,1306000
1308,L,B,9841,174,1307000
1309,M,S,0,88,1308000
1310,M,B,0,82,1309000
1311,L,B,10092,223,1310000
1312,L,B,10120,190,1311000
1313,L,B,9857,315,1312000
1314,M,B,0,77,1313000
1315,L,S,10127,90,1314000
1316,L,B,10029,412,1315000
1317,L,B,10093,402,1316000
1318,L,S,10004,19,1317000
1319,L,S,10040,500,1318000
1320,L,S,10011,203,1319000
1321,L,B,9939,8,1320000
1322,M,B,0,12,1321000
1323,L,S,9918,178,1322000
1324,C,,619,0,1323000
1325,L,S,9969,233,1324000
1326,C,,1138,0,1325000
1327,L,B,9915,258,1326000
1328,L,S,9997,412,1327000
1329,L,B,9885,129,1328000
1330,M,S,0,73,1329000
1331,L,B,9973,174,1330000
1332,C,,946,0,1331000
1333,M,S,0,4,1332000
1334,L,B,9913,113,1333000
1335,M,B,0,41,1334000
1336,L,B,10079,275,1335000
1337,L,S,10000,345,1336000
1338,M,B,0,71,1337000
1339,C,,972,0,1338000
1340,L,B,10029,294,1339000
1341,L,S,9941,256,1340000
1342,M,B,0,31,1341000
1343,C,,484,0,1342000
1344,L,S,9867,429,1343000
1345,L,B,10117,347,1344000
1346,C,,1003,0,1345000
1347,L,S,10093,278,1346000
1348,C,,980,0,1347000
1349,L,B,10110,295,1348000
1350,C,,1000,0,1349000
1351,L,S,9918,262,1350000
1352,L,B,9981,410,1351000
1353,L,S,9990,17,1352000
1354,L,B,9984,500,1353000
1355,L,S,9962,162,1354000
1356,M,B,0,27,1355000
1357,L,B,9915,96,1356000
1358,L,B,10101,242,1357000
1359,C,,740,0,1358000
1360,L,B,10025,191,1359000
1361,L,B,10100,231,1360000
1362,L,B,9958,52,1361000
1363,M,S,0,72,1362000
1364,L,B,9978,75,1363000
1365,M,S,0,61,1364000
1366,M,B,0,64,1365000
1367,L,S,9944,162,1366000
1368,M,B,0,72,1367000
1369,C,,153,0,1368000
1370,L,S,9940,31,1369000
1371,L,B,10015,382,1370000
1372,L,B,9975,287,1371000
1373,L,S,9962,180,1372000
1374,C,,1203,0,1373000
1375,L,S,10057,333,1374000
1376,L,S,9988,262,1375000
1377,L,S,10057,456,1376000
1378,L,S,9838,445,1377000
1379,L,S,10037,173,1378000
1380,L,S,9880,41,1379000
1381,L,B,10081,163,1380000
1382,M,S,0,78,1381000
1383,L,B,9876,186,1382000
1384,M,S,0,58,1383000
1385,L,B,10045,12,1384000
1386,L,B,9999,384,1385000
1387,L,B,10110,53,1386000
1388,L,S,9979,395,1387000
1389,L,S,10003,43,1388000
1390,L,S,10133,200,1389000
1391,L,B,10078,146,1390000
1392,L,B,9960,18,1391000
1393,M,S,0,42,1392000
1394,C,,961,0,1393000
1395,C,,1092,0,1394000
1396,C,,1110,0,1395000
1397,L,S,9994,358,1396000
1398,L,S,9894,450,1397000
1399,L,S,10029,328,1398000
1400,L,S,9953,46,1399000
1401,L,B,10005,134,1400000
1402,L,B,9889,70,1401000
1403,L,B,9984,5,1402000
1404,M,B,0,97,1403000
1405,L,B,9950,119,1404000
1406,M,S,0,25,1405000
1407,L,S,10023,203,1406000
1408,L,S,9924,113,1407000
1409,L,B,9901,123,1408000
1410,L,S,9923,140,1409000
1411,L,S,9934,415,1410000
1412,L,B,10032,57,1411000
1413,L,S,10015,140,1412000
1414,M,B,0,42,1413000
1415,L,B,9959,53,1414000
1416,L,B,9991,225,1415000
1417,M,B,0,20,1416000
1418,L,B,9898,256,1417000
1419,C,,956,0,1418000
1420,M,B,0,11,1419000
1421,M,S,0,8,1420000
1422,L,B,10056,279,1421000
1423,L,B,10066,425,1422000
1424,L,S,9897,366,1423000
1425,L,S,9898,18,1424000
1426,L,S,10038,49,1425000
1427,L,S,9901,160,1426000
1428,C,,393,0,1427000
1429,L,B,10017,480,1428000
1430,L,B,9945,185,1429000
1431,C,,1301,0,1430000
1432,L,B,10006,325,1431000
1433,L,B,10024,203,1432000
1434,M,B,0,6,1433000
1435,L,S,9916,353,1434000
1436,L,B,10033,47,1435000
1437,M,B,0,98,1436000
1438,L,B,10020,331,1437000
1439,L,S,10060,163,1438000
1440,C,,1269,0,1439000
1441,M,S,0,57,1440000
1442,M,B,0,49,1441000
1443,L,B,10048,461,1442000
1444,L,S,9923,251,1443000
1445,L,B,9970,179,1444000
1446,L,B,10060,441,1445000
1447,L,B,9934,80,1446000
1448,L,S,9930,398,1447000
1449,L,B,9982,95,1448000
1450,C,,1235,0,1449000
1451,C,,1237,0,1450000
1452,L,S,9955,199,1451000
1453,L,S,9931,393,1452000
1454,L,S,9958,57,1453000
1455,L,S,10085,23,1454000
1456,M,B,0,5,1455000
1457,L,B,10070,429,1456000
1458,L,B,10050,320,1457000
1459,M,B,0,47,1458000
1460,L,S,10149,336,1459000
1461,L,S,10012,41,1460000
1462,L,S,9930,456,1461000
1463,L,B,10084,363,1462000
1464,L,S,9894,428,1463000
1465,L,S,9981,492,1464000
1466,L,B,10007,99,1465000
1467,L,B,10065,321,1466000
1468,C,,1130,0,1467000
1469,M,B,0,14,1468000
1470,M,S,0,87,1469000
1471,L,S,10029,93,1470000
1472,L,S,9973,337,1471000
1473,L,S,9942,162,1472000
1474,L,S,10021,433,1473000
1475,L,S,9903,312,1474000
1476,L,S,10045,193,1475000
1477,M,S,0,33,1476000
1478,L,B,10001,18,1477000
1479,C,,1195,0,1478000
1480,L,B,10000,456,1479000
1481,L,B,10023,12,1480000
1482,M,S,0,36,1481000
1483,C,,1040,0,1482000
1484,L,S,10129,80,1483000
1485,L,B,10029,456,1484000
1486,L,B,10043,416,1485000
1487,L,S,9958,40,1486000
1488,M,S,0,23,1487000
1489,L,S,9981,360,1488000
1490,L,S,9954,375,1489000
1491,M,B,0,100,1490000
1492,L,S,9969,179,1491000
1493,C,,907,0,1492000
1494,L,S,10032,335,1493000
1495,M,S,0,82,1494000
1496,M,B,0,40,1495000
1497,L,B,9966,290,1496000
1498,L,S,10003,375,1497000
1499,C,,929,0,1498000
1500,M,S,0,12,1499000
1501,L,B,10021,202,1500000
1502,L,B,9892,281,1501000
1503,L,B,10016,257,1502000
1504,L,S,10005,102,1503000
1505,L,S,9924,101,1504000
1506,L,S,9951,137,1505000
1507,M,B,0,74,1506000
1508,L,S,9993,217,1507000
1509,L,B,9946,395,1508000
1510,L,S,10080,316,1509000
1511,M,S,0,80,1510000
1512,L,B,10018,192,1511000
1513,L,S,9960,44,1512000
1514,L,B,10144,445,1513000
1515,M,B,0,44,1514000
1516,M,B,0,58,1515000
1517,L,B,9952,379,1516000
1518,L,B,9949,248,1517000
1519,L,S,9993,356,1518000
1520,M,B,0,75,1519000
1521,C,,1077,0,1520000
1522,L,B,9976,317,1521000
1523,L,B,10114,484,1522000
1524,L,B,9983,338,1523000
1525,L,B,10129,150,1524000
1526,C,,1287,0,1525000
1527,L,S,9896,463,1526000
1528,L,S,9995,273,1527000
1529,L,B,10083,365,1528000
1530,L,B,9983,272,1529000
1531,L,B,10000,351,1530000
1532,L,S,9988,121,1531000
1533,C,,1029,0,1532000
1534,L,B,9997,418,1533000
1535,C,,1137,0,1534000
1536,C,,520,0,1535000
1537,L,S,10065,337,1536000
1538,L,S,9901,447,1537000
1539,L,B,9987,124,1538000
1540,L,B,9966,230,1539000
1541,L,B,10084,71,1540000
1542,L,S,10010,353,1541000
1543,M,S,0,18,1542000
1544,L,S,10034,395,1543000
1545,L,S,10050,286,1544000
1546,L,S,9972,95,1545000
1547,L,S,9984,451,1546000
1548,C,,867,0,1547000
1549,L,S,9888,421,1548000
1550,C,,1433,0,1549000
1551,L,S,10033,391,1550000
1552,C,,1247,0,1551000
1553,L,S,10026,119,1552000
1554,L,B,10026,400,1553000
1555,L,S,10004,310,1554000
1556,L,S,10026,243,1555000
1557,L,B,10060,17,1556000
1558,L,S,10145,114,1557000
1559,M,S,0,97,1558000
1560,L,B,9927,489,1559000
1561,C,,1249,0,1560000
1562,L,B,9952,208,1561000
1563,M,S,0,49,1562000
1564,M,B,0,96,1563000
1565,L,S,10013,329,1564000
1566,C,,1509,0,1565000
1567,L,B,9869,450,1566000
1568,C,,1071,0,1567000
1569,L,S,10036,21,1568000
1570,L,S,9986,150,1569000
1571,L,S,9985,397,1570000
1572,M,B,0,55,1571000
1573,L,S,9947,238,1572000
1574,M,B,0,93,1573000
1575,L,B,9866,300,1574000
1576,C,,1377,0,1575000
1577,L,B,9994,233,1576000
1578,L,S,10013,104,1577000
1579,C,,271,0,1578000
1580,L,S,10099,368,1579000
1581,M,B,0,91,1580000
1582,L,B,9935,269,1581000
1583,M,S,0,66,1582000
1584,L,B,9982,88,1583000
1585,C,,1164,0,1584000
1586,C,,381,0,1585000
1587,L,B,9994,394,1586000
1588,M,B,0,40,1587000
1589,M,S,0,37,1588000
1590,L,B,10030,319,1589000
1591,M,B,0,64,1590000
1592,C,,1125,0,1591000
1593,M,S,0,64,1592000
1594,L,S,10033,244,1593000
1595,L,B,9994,452,1594000
1596,L,S,9996,286,1595000
1597,M,B,0,24,1596000
1598,L,S,10127,342,1597000
1599,L,S,10029,170,1598000
1600,C,,161,0,1599000
1601,L,S,10028,339,1600000
1602,M,S,0,72,1601000
1603,L,B,10046,297,1602000
1604,L,B,10006,460,1603000
1605,L,B,9942,219,1604000
1606,M,B,0,61,1605000
1607,L,S,9988,269,1606000
1608,L,B,10080,30,1607000
1609,L,S,9865,248,1608000
1610,M,S,0,91,1609000
1611,L,S,9858,163,1610000
1612,L,S,9891,315,1611000
1613,L,S,9894,324,1612000
1614,L,S,10036,149,1613000
1615,C,,8,0,1614000
1616,L,B,9968,408,1615000
1617,L,S,10075,212,1616000
1618,L,B,9800,413,1617000
1619,L,B,10016,405,1618000
1620,L,B,10051,282,1619000
1621,L,B,9977,371,1620000
1622,L,S,9944,427,1621000
1623,L,B,9948,470,1622000
1624,L,B,10084,70,1623000
1625,L,S,10064,172,1624000
1626,L,S,9949,476,1625000
1627,M,S,0,39,1626000
1628,L,S,9988,296,1627000
1629,M,S,0,46,1628000
1630,L,B,9996,431,1629000
1631,L,S,9911,293,1630000
1632,L,B,9909,60,1631000
1633,C,,1466,0,1632000
1634,L,S,9987,45,1633000
1635,L,B,9949,232,1634000
1636,M,B,0,68,1635000
1637,L,B,10025,468,1636000
1638,L,S,9888,410,1637000
1639,L,S,10055,376,1638000
1640,C,,697,0,1639000
1641,M,B,0,13,1640000
1642,M,S,0,87,1641000
1643,C,,492,0,1642000
1644,M,B,0,92,1643000
1645,C,,325,0,1644000
1646,L,S,10140,352,1645000
1647,M,S,0,43,1646000
1648,L,B,9904,160,1647000
1649,L,S,9988,328,1648000
1650,C,,721,0,1649000
1651,L,B,9888,344,1650000
1652,L,B,9977,141,1651000
1653,L,S,9972,278,1652000
1654,L,B,9989,73,1653000
1655,C,,1554,0,1654000
1656,L,B,10082,174,1655000
1657,L,B,10039,15,1656000
1658,L,S,10017,219,1657000
1659,L,S,10013,457,1658000
1660,L,S,9972,160,1659000
1661,L,B,9913,389,1660000
1662,M,S,0,97,1661000
1663,M,S,0,12,1662000
1664,M,S,0,60,1663000
1665,L,B,9930,241,1664000
1666,L,B,9911,441,1665000
1667,C,,600,0,1666000
1668,C,,850,0,1667000
1669,L,S,9936,167,1668000
1670,L,B,10115,244,1669000
1671,L,B,10030,179,1670000
1672,L,B,9956,53,1671000
1673,L,S,10066,37,1672000
1674,M,S,0,52,1673000
1675,L,B,10052,125,1674000
1676,L,S,9955,417,1675000
1677,M,B,0,56,1676000
1678,L,B,10040,356,1677000
1679,L,S,10136,294,1678000
1680,M,B,0,77,1679000
1681,L,S,10072,421,1680000
1682,L,B,9926,351,1681000
1683,M,S,0,49,1682000
1684,L,S,10050,32,1683000
1685,L,S,10109,326,1684000
1686,M,S,0,85,1685000
1687,L,S,9907,200,1686000
1688,L,B,10037,154,1687000
1689,L,S,10131,156,1688000
1690,C,,932,0,1689000
1691,M,S,0,12,1690000
1692,L,S,9871,437,1691000
1693,L,B,9992,282,1692000
1694,C,,4,0,1693000
1695,M,S,0,46,1694000
1696,L,B,10069,303,1695000
1697,L,B,10013,196,1696000
1698,L,B,10009,72,1697000
1699,L,B,10039,474,1698000
1700,L,B,9968,65,1699000
1701,L,B,10131,9,1700000
1702,L,S,9902,70,1701000
1703,L,S,9849,213,1702000
1704,C,,1703,0,1703000
1705,M,S,0,55,1704000
1706,L,B,9891,197,1705000
1707,L,B,10056,310,1706000
1708,L,B,9988,138,1707000
1709,L,S,9896,188,1708000
1710,L,B,9937,298,1709000
1711,L,S,10006,73,1710000
1712,M,S,0,97,1711000
1713,M,B,0,11,1712000
1714,L,S,10002,340,1713000
1715,C,,247,0,1714000
1716,M,S,0,75,1715000
1717,L,B,10094,176,1716000
1718,L,B,9862,294,1717000
1719,M,B,0,38,1718000
1720,L,B,10041,473,1719000
1721,L,B,10011,323,1720000
1722,L,B,9950,27,1721000
1723,M,B,0,95,1722000
1724,L,B,10068,436,1723000
1725,M,B,0,79,1724000
1726,L,S,10039,8,1725000
1727,M,S,0,76,1726000
1728,M,S,0,48,1727000
1729,M,B,0,90,1728000
1730,L,B,9983,44,1729000
1731,C,,1238,0,1730000
1732,C,,396,0,1731000
1733,M,S,0,53,1732000
1734,M,B,0,57,1733000
1735,M,B,0,74,1734000
1736,M,B,0,83,1735000
1737,L,S,9998,27,1736000
1738,L,B,9965,386,1737000
1739,C,,559,0,1738000
1740,L,S,10104,243,1739000
1741,L,S,9950,409,1740000
1742,L,S,10021,493,1741000
1743,L,S,10067,182,1742000
1744,C,,935,0,1743000
1745,L,S,10047,140,1744000
1746,L,B,10079,201,1745000
1747,L,S,10056,124,1746000
1748,M,S,0,25,1747000
1749,L,S,10057,6,1748000
1750,M,S,0,2,1749000
1751,L,S,9998,351,1750000
1752,L,B,9991,13,1751000
1753,L,B,10042,305,1752000
1754,M,S,0,77,1753000
1755,L,S,10095,67,1754000
1756,L,S,10089,332,1755000
1757,L,S,10081,130,1756000
1758,L,S,9938,39,1757000
1759,L,S,9989,463,1758000
1760,M,S,0,33,1759000
1761,L,B,10069,398,1760000
1762,L,B,10051,417,1761000
1763,L,B,9999,252,1762000
1764,C,,490,0,1763000
1765,L,B,9963,394,1764000
1766,L,S,10001,55,1765000
1767,C,,1435,0,1766000
1768,L,B,10097,398,1767000
1769,L,S,10046,77,1768000
1770,M,B,0,5,1769000
1771,M,B,0,90,1770000
1772,L,B,10104,395,1771000
1773,L,B,10002,433,1772000
1774,M,S,0,9,1773000
1775,L,B,10117,247,1774000
1776,L,S,9966,184,1775000
1777,L,B,10200,332,1776000
1778,L,S,10077,492,1777000
1779,L,S,10003,104,1778000
1780,L,B,9945,197,1779000
1781,M,B,0,50,1780000
1782,C,,1304,0,1781000
1783,M,B,0,81,1782000
1784,L,B,10014,304,1783000
1785,L,B,10003,406,1784000
1786,L,B,9877,231,1785000
1787,C,,81,0,1786000
1788,L,B,9974,404,1787000
1789,M,B,0,28,1788000
1790,M,S,0,59,1789000
1791,C,,1682,0,1790000
1792,C,,390,0,1791000
1793,M,B,0,10,1792000
1794,L,B,9958,471,1793000
1795,L,B,9939,333,1794000
1796,L,B,10054,407,1795000
1797,L,S,10017,428,1796000
1798,L,S,10061,410,1797000
1799,L,B,10048,104,1798000
1800,L,S,10099,167,1799000
1801,L,S,9989,280,1800000
1802,L,S,10030,304,1801000
1803,L,B,9891,141,1802000
1804,L,B,9972,225,1803000
1805,L,S,9921,69,1804000
1806,L,S,9913,9,1805000
1807,C,,260,0,1806000
1808,L,B,9925,46,1807000
1809,M,S,0,37,1808000
1810,L,S,10014,106,1809000
1811,L,B,9899,231,1810000
1812,L,S,9986,93,1811000
1813,M,S,0,12,1812000
1814,L,S,9989,179,1813000
1815,L,S,10069,49,1814000
1816,L,S,10182,277,1815000
1817,L,B,9969,28,1816000
1818,L,S,9968,351,1817000
1819,M,S,0,64,1818000
1820,L,S,10092,146,1819000
1821,L,B,10025,316,1820000
1822,M,S,0,6,1821000
1823,L,B,9962,15,1822000
1824,L,B,9991,459,1823000
1825,L,B,9940,383,1824000
1826,M,B,0,100,1825000
1827,L,B,9967,122,1826000
1828,M,S,0,49,1827000
1829,C,,240,0,1828000
1830,L,B,10028,476,1829000
1831,L,B,9977,192,1830000
1832,L,S,9878,104,1831000
1833,L,B,9867,292,1832000
1834,L,B,10044,88,1833000
1835,M,B,0,38,1834000
1836,L,S,9941,327,1835000
1837,C,,1751,0,1836000
1838,L,S,10017,439,1837000
1839,L,S,9978,111,1838000
1840,L,S,9981,377,1839000
1841,C,,597,0,1840000
1842,L,S,10106,457,1841000
1843,C,,1812,0,1842000
1844,L,S,10186,21,1843000
1845,C,,1473,0,1844000
1846,M,B,0,68,1845000
1847,L,S,10005,357,1846000
1848,M,B,0,31,1847000
1849,L,S,9977,112,1848000
1850,L,B,9937,332,1849000
1851,C,,82,0,1850000
1852,L,B,9962,383,1851000
1853,L,S,9874,238,1852000
1854,M,S,0,52,1853000
1855,L,S,9928,1,1854000
1856,C,,229,0,1855000
1857,L,S,9926,272,1856000
1858,L,B,9981,278,1857000
1859,L,B,10159,351,1858000
1860,L,S,9998,485,1859000
1861,C,,828,0,1860000
1862,C,,328,0,1861000
1863,L,B,9978,21,1862000
1864,L,B,9977,364,1863000
1865,M,B,0,43,1864000
1866,L,B,9992,245,1865000
1867,M,S,0,90,1866000
1868,L,S,10009,137,1867000
1869,L,B,10061,28,1868000
1870,L,B,9919,63,1869000
1871,L,S,10007,423,1870000
1872,L,B,9914,485,1871000
1873,M,S,0,9,1872000
1874,L,S,9918,45,1873000
1875,L,S,9961,56,1874000
1876,L,B,10162,76,1875000
1877,L,S,9908,151,1876000
1878,L,S,9988,478,1877000
1879,L,B,9910,150,1878000
1880,L,B,10033,411,1879000
1881,L,S,9958,176,1880000
1882,M,S,0,63,1881000
1883,L,S,9946,432,1882000
1884,L,B,9871,157,1883000
1885,L,B,9942,248,1884000
1886,L,B,10021,146,1885000
1887,L,B,9969,474,1886000
1888,L,S,10017,363,1887000
1889,M,S,0,20,1888000
1890,L,B,10037,163,1889000
1891,L,B,9970,363,1890000
1892,L,B,10032,177,1891000
1893,L,B,10081,63,1892000
1894,C,,901,0,1893000
1895,C,,1534,0,1894000
1896,L,B,9988,164,1895000
1897,L,S,9924,332,1896000
1898,M,B,0,38,1897000
1899,C,,1514,0,1898000
1900,C,,1224,0,1899000
1901,M,S,0,94,1900000
1902,C,,975,0,1901000
1903,L,B,9978,246,1902000
1904,C,,383,0,1903000
1905,M,B,0,4,1904000
1906,L,S,9973,29,1905000
1907,L,B,10009,270,1906000
1908,L,S,9998,276,1907000
1909,M,S,0,12,1908000
1910,C,,880,0,1909000
1911,L,B,10014,310,1910000
1912,L,B,9967,367,1911000
1913,C,,840,0,1912000
1914,L,B,9942,177,1913000
1915,L,S,10020,373,1914000
1916,C,,1503,0,1915000
1917,C,,1608,0,1916000
1918,L,B,9980,373,1917000
1919,C,,951,0,1918000
1920,M,B,0,76,1919000
1921,L,B,9935,269,1920000
1922,C,,217,0,1921000
1923,C,,1263,0,1922000
1924,M,B,0,53,1923000
1925,L,B,10187,90,1924000
1926,L,S,10001,96,1925000
1927,M,B,0,63,1926000
1928,L,S,9964,428,1927000
1929,L,B,9997,406,1928000
1930,L,B,9953,490,1929000
1931,L,S,10070,148,1930000
1932,L,B,10069,353,1931000
1933,L,B,10007,497,1932000
1934,L,S,9923,298,1933000
1935,L,B,9995,499,1934000
1936,M,B,0,66,1935000
1937,M,B,0,34,1936000
1938,L,B,10101,164,1937000
1939,L,S,9987,185,1938000
1940,L,S,10017,183,1939000
1941,L,B,9983,100,1940000
1942,M,B,0,13,1941000
1943,L,B,9980,166,1942000
1944,C,,1283,0,1943000
1945,L,S,9947,181,1944000
1946,M,B,0,67,1945000
1947,L,S,10062,211,1946000
1948,L,S,10030,114,1947000
1949,M,S,0,72,1948000
1950,L,S,10023,270,1949000
1951,M,S,0,90,1950000
1952,M,B,0,59,1951000
1953,C,,576,0,1952000
1954,M,S,0,62,1953000
1955,L,S,10046,306,1954000
1956,L,S,10055,89,1955000
1957,M,B,0,16,1956000
1958,L,S,10029,65,1957000
1959,L,S,10037,218,1958000
1960,M,S,0,10,1959000
1961,L,B,9960,17,1960000
1962,M,S,0,8,1961000
1963,L,S,10018,23,1962000
1964,L,S,10003,472,1963000
1965,L,S,9884,103,1964000
1966,L,B,10108,483,1965000
1967,L,S,10069,181,1966000
1968,L,S,9994,292,1967000
1969,L,S,9951,391,1968000
1970,L,B,10019,462,1969000
1971,M,B,0,93,1970000
1972,L,B,10050,259,1971000
1973,C,,1850,0,1972000
1974,L,S,9845,93,1973000
1975,M,S,0,55,1974000
1976,L,B,10062,58,1975000
1977,M,B,0,60,1976000
1978,L,B,10008,286,1977000
1979,M,B,0,64,1978000
1980,L,B,9897,308,1979000
1981,M,S,0,57,1980000
1982,L,B,10070,439,1981000
1983,L,S,9994,244,1982000
1984,C,,1501,0,1983000
1985,L,S,9969,225,1984000
1986,L,S,10001,62,1985000
1987,L,B,9974,474,1986000
1988,C,,778,0,1987000
1989,L,S,9984,174,1988000
1990,L,S,9960,218,1989000
1991,M,B,0,92,1990000
1992,M,S,0,97,1991000
1993,M,S,0,52,1992000
1994,L,S,10027,487,1993000
1995,L,B,9980,56,1994000
1996,L,B,10112,119,1995000
1997,L,B,10017,35,1996000
1998,L,B,10012,92,1997000
1999,L,S,10053,50,1998000
2000,M,S,0,67,1999000
2001,M,S,0,26,2000000
2002,L,B,10076,259,2001000
2003,L,B,10053,488,2002000
2004,M,S,0,16,2003000
2005,L,B,9936,193,2004000
2006,L,B,10043,400,2005000
2007,L,S,10087,252,2006000
2008,L,B,9914,292,2007000
2009,M,S,0,88,2008000
2010,L,B,10072,288,2009000
2011,C,,1959,0,2010000
2012,L,B,9946,347,2011000
2013,L,S,9965,165,2012000
2014,L,S,10044,415,2013000
2015,M,B,0,81,2014000
2016,L,B,10045,177,2015000
2017,C,,1651,0,2016000
2018,L,S,10001,304,2017000
2019,L,S,10096,445,2018000
2020,L,B,10058,236,2019000
2021,M,B,0,66,2020000
2022,C,,1168,0,2021000
2023,L,B,10007,12,2022000
2024,C,,1539,0,2023000
2025,L,B,10063,354,2024000
2026,M,B,0,65,2025000
2027,M,S,0,22,2026000
2028,L,B,10044,224,2027000
2029,L,S,10026,436,2028000
2030,L,B,9996,25,2029000
2031,L,S,10031,491,2030000
2032,L,S,9913,49,2031000
2033,L,B,9925,219,2032000
2034,L,S,9967,334,2033000
2035,M,S,0,39,2034000
2036,L,S,10020,320,2035000
2037,L,S,10064,281,2036000
2038,L,B,9962,296,2037000
2039,L,S,9873,422,2038000
2040,M,B,0,82,2039000
2041,L,S,10008,290,2040000
2042,M,B,0,26,2041000
2043,L,B,9930,78,2042000
2044,M,S,0,56,2043000
2045,L,S,10080,434,2044000
2046,L,S,9950,331,2045000
2047,L,S,10004,77,2046000
2048,L,B,10049,424,2047000
2049,L,B,10069,464,2048000
2050,L,B,9997,70,2049000
2051,L,S,9986,330,2050000
2052,C,,1888,0,2051000
2053,M,B,0,11,2052000
2054,L,B,10083,33,2053000
2055,C,,1634,0,2054000
2056,C,,470,0,2055000
2057,L,S,10026,293,2056000
2058,M,S,0,67,2057000
2059,M,S,0,100,2058000
2060,C,,1113,0,2059000
2061,L,B,9960,308,2060000
2062,L,S,9958,200,2061000
2063,M,S,0,55,2062000
2064,L,B,10077,110,2063000
2065,C,,1755,0,2064000
2066,L,S,10077,359,2065000
2067,C,,1349,0,2066000
2068,L,B,10028,127,2067000
2069,C,,696,0,2068000
2070,L,S,10005,496,2069000
2071,C,,231,0,2070000
2072,M,S,0,7,2071000
2073,M,S,0,31,2072000
2074,L,B,9988,328,2073000
2075,C,,1497,0,2074000
2076,C,,611,0,2075000
2077,L,B,9993,492,2076000
2078,L,S,10002,131,2077000
2079,L,S,10002,441,2078000
2080,C,,1759,0,2079000
2081,L,S,9945,393,2080000
2082,L,S,9996,400,2081000
2083,C,,1863,0,2082000
2084,M,S,0,43,2083000
2085,M,S,0,13,2084000
2086,M,S,0,65,2085000
2087,L,B,10026,374,2086000
2088,M,S,0,59,2087000
2089,M,S,0,83,2088000
2090,L,S,10009,206,2089000
2091,L,B,9966,295,2090000
2092,L,B,9825,426,2091000
2093,L,B,9982,305,2092000
2094,M,S,0,41,2093000
2095,L,S,10027,304,2094000
2096,M,S,0,26,2095000
2097,L,B,10030,202,2096000
2098,C,,1010,0,2097000
2099,L,B,9915,118,2098000
2100,C,,1834,0,2099000
2101,L,S,9968,87,2100000
2102,L,S,9970,491,2101000
2103,L,S,9978,61,2102000
2104,L,S,10022,424,2103000
2105,M,B,0,92,2104000
2106,L,S,9849,417,2105000
2107,M,B,0,64,2106000
2108,L,B,10012,422,2107000
2109,L,S,10044,215,2108000
2110,L,S,10179,121,2109000
2111,L,S,10032,190,2110000
2112,L,S,10064,447,2111000
2113,L,S,10038,352,2112000
2114,L,B,9921,38,2113000
2115,L,B,10041,171,2114000
2116,C,,1868,0,2115000
2117,C,,298,0,2116000
2118,L,S,9866,344,2117000
2119,L,S,10124,287,2118000
2120,L,B,10037,174,2119000
2121,C,,654,0,2120000
2122,L,S,10068,222,2121000
2123,L,B,10033,447,2122000
2124,C,,1234,0,2123000
2125,M,S,0,37,2124000
2126,C,,1170,0,2125000
2127,L,S,10009,136,2126000
2128,L,B,10055,252,2127000
2129,M,B,0,85,2128000
2130,L,B,10093,97,2129000
2131,L,B,10050,362,2130000
2132,L,B,10011,459,2131000
2133,C,,283,0,2132000
2134,L,S,9932,58,2133000
2135,M,S,0,16,2134000
2136,L,B,9973,146,2135000
2137,L,B,9947,457,2136000
2138,M,B,0,1,2137000
2139,L,S,9998,214,2138000
2140,C,,1102,0,2139000
2141,M,S,0,43,2140000
2142,L,S,9972,303,2141000
2143,C,,539,0,2142000
2144,M,B,0,11,2143000
2145,L,S,9940,246,2144000
2146,L,S,9995,497,2145000
2147,L,S,9996,232,2146000
2148,L,S,9984,292,2147000
2149,L,S,9834,411,2148000
2150,L,B,10023,488,2149000
2151,L,B,10008,131,2150000
2152,L,S,10019,437,2151000
2153,L,B,9979,207,2152000
2154,L,S,9981,252,2153000
2155,M,S,0,40,2154000
2156,C,,656,0,2155000
2157,L,B,9973,189,2156000
2158,L,B,10057,289,2157000
2159,L,B,9950,217,2158000
2160,M,S,0,56,2159000
2161,L,B,9822,347,2160000
2162,L,S,9985,80,2161000
2163,C,,2066,0,2162000
2164,L,S,9982,465,2163000
2165,M,B,0,17,2164000
2166,M,B,0,32,2165000
2167,L,B,10069,25,2166000
2168,L,S,9921,212,2167000
2169,L,S,9994,292,2168000
2170,M,B,0,75,2169000
2171,L,S,10074,92,2170000
2172,M,S,0,6,2171000
2173,L,S,10064,153,2172000
2174,L,S,10003,414,2173000
2175,L,S,9928,447,2174000
2176,M,B,0,11,2175000
2177,M,S,0,87,2176000
2178,L,S,10033,88,2177000
2179,M,B,0,52,2178000
2180,C,,1933,0,2179000
2181,L,S,10001,316,2180000
2182,L,S,9976,155,2181000
2183,L,B,9938,98,2182000
2184,L,B,10129,108,2183000
2185,L,B,9976,124,2184000
2186,L,S,10010,155,2185000
2187,M,B,0,55,2186000
2188,L,B,9958,79,2187000
2189,M,B,0,63,2188000
2190,L,S,9962,292,2189000
2191,M,B,0,43,2190000
2192,L,S,9978,366,2191000
2193,L,B,9913,375,2192000
2194,L,B,10002,250,2193000
2195,L,S,9976,464,2194000
2196,M,B,0,92,2195000
2197,L,B,9846,296,2196000
2198,L,B,10054,243,2197000
2199,L,S,9957,331,2198000
2200,L,S,10054,99,2199000
2201,L,B,10007,260,2200000
2202,L,S,9952,432,2201000
2203,M,B,0,38,2202000
2204,M,B,0,54,2203000
2205,M,S,0,95,2204000
2206,L,B,10076,498,2205000
2207,M,S,0,37,2206000
2208,M,B,0,62,2207000
2209,L,B,9976,213,2208000
2210,C,,1963,0,2209000
2211,L,B,9982,25,2210000
2212,C,,1502,0,2211000
2213,C,,1492,0,2212000
2214,M,B,0,65,2213000
2215,L,B,9917,62,2214000
2216,L,B,10039,175,2215000
2217,M,S,0,99,2216000
2218,C,,1192,0,2217000
2219,C,,2034,0,2218000
2220,L,B,10153,410,2219000
2221,L,S,10050,57,2220000
2222,C,,522,0,2221000
2223,M,B,0,14,2222000
2224,L,B,10017,373,2223000
2225,L,B,10060,260,2224000
2226,L,S,10035,420,2225000
2227,L,S,10052,225,2226000
2228,C,,78,0,2227000
2229,L,S,9958,44,2228000
2230,L,S,10066,213,2229000
2231,L,S,10064,216,2230000
2232,M,B,0,55,2231000
2233,L,B,10090,235,2232000
2234,C,,2041,0,2233000
2235,M,B,0,4,2234000
2236,L,S,9984,36,2235000
2237,L,B,9922,396,2236000
2238,L,B,10005,329,2237000
2239,L,S,9903,324,2238000
2240,C,,2051,0,2239000
2241,C,,1710,0,2240000
2242,L,S,9947,381,2241000
2243,L,B,9982,424,2242000
2244,L,S,10090,229,2243000
2245,L,S,9951,320,2244000
2246,M,S,0,90,2245000
2247,L,S,9932,452,2246000
2248,L,B,9908,172,2247000
2249,L,S,10058,277,2248000
2250,L,B,9945,283,2249000
2251,L,B,9991,456,2250000
2252,M,S,0,31,2251000
2253,M,B,0,55,2252000
2254,C,,571,0,2253000
2255,M,S,0,34,2254000
2256,L,B,9990,25,2255000
2257,M,S,0,58,2256000
2258,L,S,9818,413,2257000
2259,M,S,0,92,2258000
2260,C,,2112,0,2259000
2261,M,B,0,39,2260000
2262,L,S,10055,367,2261000
2263,L,B,9922,54,2262000
2264,L,S,10075,422,2263000
2265,M,B,0,19,2264000
2266,M,S,0,11,2265000
2267,L,B,10031,40,2266000
2268,L,S,10033,302,2267000
2269,L,S,10061,326,2268000
2270,L,B,9937,477,2269000
2271,C,,1706,0,2270000
2272,M,B,0,17,2271000
2273,L,B,10078,271,2272000
2274,L,B,9985,243,2273000
2275,L,B,9860,61,2274000
2276,L,B,9946,62,2275000
2277,L,B,9967,157,2276000
2278,C,,1328,0,2277000
2279,L,B,9996,74,2278000
2280,L,S,10134,456,2279000
2281,L,B,10042,379,2280000
2282,L,B,9922,214,2281000
2283,L,B,10109,232,2282000
2284,C,,1575,0,2283000
2285,L,S,9912,259,2284000
2286,L,S,9931,342,2285000
2287,L,S,9946,341,2286000
2288,L,B,10106,461,2287000
2289,L,S,10135,377,2288000
2290,L,B,9964,85,2289000
2291,M,S,0,99,2290000
2292,M,S,0,16,2291000
2293,L,B,10080,388,2292000
2294,L,S,9977,97,2293000
2295,M,S,0,3,2294000
2296,L,S,10005,403,2295000
2297,L,S,10011,430,2296000
2298,C,,1805,0,2297000
2299,L,S,9962,252,2298000
2300,C,,165,0,2299000
2301,L,B,10080,13,2300000
2302,C,,1379,0,2301000
2303,L,B,10082,147,2302000
2304,L,B,9990,46,2303000
2305,L,S,9990,493,2304000
2306,L,B,9980,30,2305000
2307,L,B,10088,133,2306000
2308,L,S,10109,62,2307000
2309,L,B,9960,261,2308000
2310,M,B,0,15,2309000
2311,L,B,9972,284,2310000
2312,L,B,9960,454,2311000
2313,L,S,10026,301,2312000
2314,M,B,0,72,2313000
2315,M,B,0,73,2314000
2316,L,B,9971,496,2315000
2317,L,S,9967,87,2316000
2318,M,S,0,55,2317000
2319,C,,2192,0,2318000
2320,L,B,9878,149,2319000
2321,M,B,0,8,2320000
2322,C,,1940,0,2321000
2323,L,B,10027,349,2322000
2324,L,B,9941,262,2323000
2325,L,B,9935,274,2324000
2326,L,B,9973,72,2325000
2327,M,S,0,56,2326000
2328,L,S,10020,411,2327000
2329,L,S,9972,386,2328000
2330,M,B,0,85,2329000
2331,C,,1454,0,2330000
2332,L,S,10043,169,2331000
2333,L,S,9998,244,2332000
2334,L,B,9997,89,2333000
2335,L,S,9968,276,2334000
2336,L,S,9892,334,2335000
2337,L,B,10049,345,2336000
2338,L,S,9914,193,2337000
2339,M,B,0,23,2338000
2340,M,S,0,2,2339000
2341,L,B,10003,381,2340000
2342,L,B,10008,472,2341000
2343,M,B,0,79,2342000
2344,L,S,10033,496,2343000
2345,L,B,10183,464,2344000
2346,M,S,0,1,2345000
2347,L,S,9894,292,2346000
2348,L,B,10081,100,2347000
2349,M,S,0,88,2348000
2350,L,B,9907,66,2349000
2351,L,S,9942,117,2350000
2352,C,,1226,0,2351000
2353,L,S,10102,273,2352000
2354,L,S,9995,453,2353000
2355,L,S,9900,27,2354000
2356,C,,1399,0,2355000
2357,L,S,9877,141,2356000
2358,L,S,9920,23,2357000
2359,C,,1026,0,2358000
2360,L,S,10002,273,2359000
2361,L,B,10009,293,2360000
2362,M,S,0,29,2361000
2363,C,,1749,0,2362000
2364,C,,1134,0,2363000
2365,L,B,10025,33,2364000
2366,L,B,9880,304,2365000
2367,M,S,0,33,2366000
2368,L,B,10015,491,2367000
2369,L,B,9941,484,2368000
2370,L,S,10102,225,2369000
2371,M,S,0,75,2370000
2372,L,S,10056,456,2371000
2373,M,B,0,17,2372000
2374,L,S,9968,29,2373000
2375,L,S,10091,287,2374000
2376,L,S,10040,206,2375000
2377,L,S,10009,338,2376000
2378,L,B,10089,238,2377000
2379,M,S,0,80,2378000
2380,L,S,9994,265,2379000
2381,L,B,9987,53,2380000
2382,L,S,9894,464,2381000
2383,L,S,9930,132,2382000
2384,L,B,9969,71,2383000
2385,M,B,0,40,2384000
2386,L,S,9971,334,2385000
2387,M,B,0,70,2386000
2388,M,B,0,40,2387000
2389,L,B,10079,337,2388000
2390,M,B,0,65,2389000
2391,M,S,0,7,2390000
2392,L,B,9986,103,2391000
2393,L,B,10039,244,2392000
2394,M,S,0,77,2393000
2395,M,S,0,73,2394000
2396,C,,1321,0,2395000
2397,L,B,10017,233,2396000
2398,C,,292,0,2397000
2399,L,S,9935,239,2398000
2400,L,B,9922,377,2399000
2401,M,S,0,95,2400000
2402,L,B,10003,6,2401000
2403,L,B,9994,59,2402000
2404,L,B,9901,185,2403000
2405,L,B,9892,102,2404000
2406,L,B,9997,434,2405000
2407,L,B,10041,12,2406000
2408,L,B,10101,71,2407000
2409,L,S,10074,57,2408000
2410,L,B,9939,191,2409000
2411,M,S,0,80,2410000
2412,C,,379,0,2411000
2413,L,S,10017,67,2412000
2414,M,B,0,49,2413000
2415,M,B,0,55,2414000
2416,C,,1116,0,2415000
2417,C,,2406,0,2416000
2418,L,S,9990,127,2417000
2419,L,S,10036,447,2418000
2420,L,S,9934,373,2419000
2421,L,B,9962,340,2420000
2422,L,B,9895,385,2421000
2423,L,B,10089,238,2422000
2424,L,S,9925,490,2423000
2425,L,B,9988,206,2424000
2426,L,S,9974,459,2425000
2427,L,S,9964,203,2426000
2428,L,B,9973,432,2427000
2429,L,S,10027,69,2428000
2430,M,B,0,67,2429000
2431,L,S,9910,219,2430000
2432,L,B,10020,189,2431000
2433,M,B,0,49,2432000
2434,L,B,9998,462,2433000
2435,L,S,10026,263,2434000
2436,L,B,9993,61,2435000
2437,L,B,10047,103,2436000
2438,L,S,10000,394,2437000
2439,M,B,0,91,2438000
2440,L,B,10110,438,2439000
2441,M,S,0,34,2440000
2442,L,B,10051,207,2441000
2443,C,,2293,0,2442000
2444,M,B,0,84,2443000
2445,L,S,9896,77,2444000
2446,C,,1041,0,2445000
2447,L,S,9921,403,2446000
2448,L,B,10012,417,2447000
2449,L,S,9984,395,2448000
2450,C,,1741,0,2449000
2451,L,B,10039,286,2450000
2452,L,B,10039,378,2451000
2453,L,S,9960,428,2452000
2454,L,B,9901,391,2453000
2455,M,S,0,42,2454000
2456,L,S,10050,17,2455000
2457,C,,752,0,2456000
2458,C,,1432,0,2457000
2459,L,S,10074,201,2458000
2460,C,,955,0,2459000
2461,C,,374,0,2460000
2462,L,B,9956,56,2461000
2463,L,S,9964,88,2462000
2464,L,S,9957,17,2463000
2465,M,S,0,4,2464000
2466,L,B,10053,120,2465000
2467,L,S,9988,233,2466000
2468,L,S,10062,211,2467000
2469,L,S,10116,67,2468000
2470,L,B,10150,444,2469000
2471,L,S,10069,159,2470000
2472,L,S,9911,481,2471000
2473,L,B,10014,367,2472000
2474,M,B,0,1,2473000
2475,C,,1839,0,2474000
2476,L,B,10028,467,2475000
2477,L,B,9924,237,2476000
2478,L,S,9968,234,2477000
2479,L,S,10133,406,2478000
2480,L,S,10015,128,2479000
2481,L,S,9962,222,2480000
2482,L,S,10035,202,2481000
2483,M,B,0,21,2482000
2484,L,S,10078,150,2483000
2485,M,B,0,93,2484000
2486,M,B,0,64,2485000
2487,L,S,10046,387,2486000
2488,L,S,10044,167,2487000
2489,L,B,10005,14,2488000
2490,L,S,10019,384,2489000
2491,L,B,9965,20,2490000
2492,L,B,10025,470,2491000
2493,L,S,9928,43,2492000
2494,L,B,10016,487,2493000
2495,L,B,9993,430,2494000
2496,L,B,10038,151,2495000
2497,L,S,10048,6,2496000
2498,M,B,0,46,2497000
2499,L,S,10086,458,2498000
2500,M,B,0,90,2499000
2501,L,S,9903,338,2500000
2502,C,,1649,0,2501000
2503,M,B,0,77,2502000
2504,L,S,9986,393,2503000
2505,L,B,10037,9,2504000
2506,L,S,9976,173,2505000
2507,M,S,0,9,2506000
2508,L,S,10036,86,2507000
2509,M,B,0,66,2508000
2510,L,B,9880,288,2509000
2511,L,S,10061,220,2510000
2512,L,B,9974,183,2511000
2513,L,B,9995,109,2512000
2514,L,B,9992,418,2513000
2515,L,S,10133,211,2514000
2516,L,S,10037,53,2515000
2517,M,S,0,73,2516000
2518,L,S,9848,357,2517000
2519,L,S,9890,395,2518000
2520,M,B,0,82,2519000
2521,M,S,0,86,2520000
2522,L,B,9932,196,2521000
2523,L,S,9945,258,2522000
2524,L,S,10010,460,2523000
2525,L,B,10091,220,2524000
2526,M,S,0,8,2525000
2527,L,B,10019,329,2526000
2528,L,S,10061,307,2527000
2529,C,,1833,0,2528000
2530,M,B,0,36,2529000
2531,L,S,10114,213,2530000
2532,L,B,10029,13,2531000
2533,L,S,9976,28,2532000
2534,C,,1145,0,2533000
2535,M,S,0,29,2534000
2536,L,B,10037,165,2535000
2537,L,S,10071,489,2536000
2538,L,S,10030,73,2537000
2539,C,,649,0,2538000
2540,L,S,10075,121,2539000
2541,L,B,9866,240,2540000
2542,L,S,10001,128,2541000
2543,L,S,10041,496,2542000
2544,L,B,10005,498,2543000
2545,L,B,9974,242,2544000
2546,L,S,9990,420,2545000
2547,C,,1980,0,2546000
2548,L,B,9888,438,2547000
2549,L,S,9975,284,2548000
2550,M,B,0,60,2549000
2551,L,B,10078,288,2550000
2552,L,B,10049,80,2551000
2553,C,,58,0,2552000
2554,L,S,10056,372,2553000
2555,L,B,9943,381,2554000
2556,L,B,10033,329,2555000
2557,C,,407,0,2556000
2558,L,B,10057,290,2557000
2559,L,S,9969,491,2558000
2560,L,S,9987,251,2559000
2561,L,B,9922,30,2560000
2562,M,S,0,95,2561000
2563,L,B,10055,362,2562000
2564,M,S,0,83,2563000
2565,L,S,9971,484,2564000
2566,M,B,0,78,2565000
2567,L,S,10017,48,2566000
2568,L,S,10028,204,2567000
2569,M,S,0,11,2568000
2570,L,B,9889,130,2569000
2571,M,S,0,69,2570000
2572,M,B,0,40,2571000
2573,M,S,0,94,2572000
2574,C,,575,0,2573000
2575,L,S,10058,177,2574000
2576,M,B,0,27,2575000
2577,C,,1684,0,2576000
2578,M,B,0,22,2577000
2579,M,B,0,9,2578000
2580,M,B,0,54,2579000
2581,M,S,0,22,2580000
2582,L,B,10051,258,2581000
2583,C,,1874,0,2582000
2584,L,B,10057,103,2583000
2585,L,B,10002,462,2584000
2586,C,,1836,0,2585000
2587,L,S,9949,445,2586000
2588,L,B,10029,33,2587000
2589,L,S,10017,245,2588000
2590,L,S,10052,490,2589000
2591,L,S,10003,22,2590000
2592,L,S,10090,493,2591000
2593,M,S,0,61,2592000
2594,M,S,0,44,2593000
2595,L,S,10004,162,2594000
2596,M,S,0,86,2595000
2597,L,S,10133,413,2596000
2598,L,B,9980,358,2597000
2599,L,S,10013,63,2598000
2600,C,,1274,0,2599000
2601,C,,1156,0,2600000
2602,L,S,9994,338,2601000
2603,C,,2111,0,2602000
2604,L,B,10166,417,2603000
2605,L,S,9986,448,2604000
2606,L,S,9967,311,2605000
2607,L,S,10064,407,2606000
2608,L,B,10140,338,2607000
2609,C,,532,0,2608000
2610,M,B,0,25,2609000
2611,M,S,0,74,2610000
2612,M,S,0,5,2611000
2613,L,S,9936,155,2612000
2614,M,S,0,60,2613000
2615,L,B,10073,124,2614000
2616,L,B,10065,484,2615000
2617,M,B,0,56,2616000
2618,C,,210,0,2617000
2619,L,S,10093,113,2618000
2620,M,S,0,86,2619000
2621,L,B,9935,274,2620000
2622,L,B,10016,115,2621000
2623,C,,2397,0,2622000
2624,L,B,9943,467,2623000
2625,M,S,0,49,2624000
2626,M,S,0,56,2625000
2627,M,B,0,15,2626000
2628,L,B,9953,97,2627000
2629,M,B,0,48,2628000
2630,L,B,10075,195,2629000
2631,L,B,10076,434,2630000
2632,L,B,10031,395,2631000
2633,L,S,10023,309,2632000
2634,L,B,9923,5,2633000
2635,L,B,10098,429,2634000
2636,L,S,10125,76,2635000
2637,L,B,9940,360,2636000
2638,L,B,9897,258,2637000
2639,C,,650,0,2638000
2640,L,S,9916,111,2639000
2641,L,S,9958,193,2640000
2642,L,S,10060,435,2641000
2643,M,S,0,90,2642000
2644,M,S,0,100,2643000
2645,L,B,10086,201,2644000
2646,L,S,10033,12,2645000
2647,L,B,9980,348,2646000
2648,L,B,9981,373,2647000
2649,L,S,10016,100,2648000
2650,M,S,0,13,2649000
2651,L,S,9895,436,2650000
2652,C,,1371,0,2651000
2653,L,B,9942,71,2652000
2654,L,B,10036,412,2653000
2655,M,S,0,2,2654000
2656,L,S,9973,53,2655000
2657,M,S,0,19,2656000
2658,L,S,9983,29,2657000
2659,L,S,9964,92,2658000
2660,C,,623,0,2659000
2661,C,,2545,0,2660000
2662,L,B,10063,126,2661000
2663,L,B,10085,251,2662000
2664,L,S,10051,398,2663000
2665,M,S,0,85,2664000
2666,L,B,10097,419,2665000
2667,M,B,0,84,2666000
2668,L,B,10025,329,2667000
2669,M,S,0,3,2668000
2670,L,S,10022,246,2669000
2671,L,S,10011,248,2670000
2672,C,,1823,0,2671000
2673,L,B,9960,167,2672000
2674,L,S,10011,417,2673000
2675,M,B,0,69,2674000
2676,M,S,0,9,2675000
2677,L,S,9960,366,2676000
2678,M,S,0,97,2677000
2679,M,S,0,16,2678000
2680,L,S,10036,410,2679000
2681,L,B,10076,295,2680000
2682,L,B,9880,18,2681000
2683,L,B,9951,153,2682000
2684,L,S,9858,1,2683000
2685,L,B,10074,485,2684000
2686,L,S,9961,296,2685000
2687,L,B,9940,467,2686000
2688,C,,1538,0,2687000
2689,L,S,9963,23,2688000
2690,L,B,9910,154,2689000
2691,C,,1017,0,2690000
2692,C,,2410,0,2691000
2693,L,S,9982,217,2692000
2694,L,B,10106,196,2693000
2695,L,B,9846,347,2694000
2696,L,S,10043,275,2695000
2697,L,S,9989,331,2696000
2698,L,B,10093,337,2697000
2699,L,S,10063,162,2698000
2700,C,,1827,0,2699000
2701,L,S,10106,127,2700000
2702,L,B,10064,34,2701000
2703,L,B,10053,466,2702000
2704,L,B,10032,6,2703000
2705,L,S,9966,114,2704000
2706,L,B,10037,373,2705000
2707,C,,2368,0,2706000
2708,M,B,0,68,2707000
2709,L,S,9982,145,2708000
2710,L,S,10032,485,2709000
2711,M,B,0,95,2710000
2712,M,S,0,71,2711000
2713,L,S,9976,245,2712000
2714,L,B,9960,337,2713000
2715,L,B,9903,377,2714000
2716,L,S,9959,399,2715000
2717,L,S,9951,362,2716000
2718,L,B,9955,147,2717000
2719,L,B,10059,483,2718000
2720,M,S,0,30,2719000
2721,L,S,10064,161,2720000
2722,M,S,0,10,2721000
2723,M,S,0,22,2722000
2724,L,B,9978,147,2723000
2725,L,B,10120,218,2724000
2726,M,S,0,18,2725000
2727,L,S,9879,347,2726000
2728,C,,2714,0,2727000
2729,L,B,10046,4,2728000
2730,M,S,0,96,2729000
2731,L,S,10117,339,2730000
2732,C,,2169,0,2731000
2733,M,B,0,58,2732000
2734,C,,2645,0,2733000
2735,C,,2154,0,2734000
2736,C,,854,0,2735000
2737,L,S,9837,217,2736000
2738,L,B,9986,497,2737000
2739,L,S,10000,393,2738000
2740,C,,1325,0,2739000
2741,L,B,10082,110,2740000
2742,L,S,9882,476,2741000
2743,C,,2540,0,2742000
2744,L,S,10093,479,2743000
2745,L,S,9938,316,2744000
2746,L,B,10004,55,2745000
2747,L,S,10024,52,2746000
2748,L,B,10057,271,2747000
2749,L,B,10054,80,2748000
2750,M,B,0,61,2749000
2751,L,B,10054,220,2750000
2752,C,,2201,0,2751000
2753,M,B,0,57,2752000
2754,M,B,0,18,2753000
2755,L,B,9915,102,2754000
2756,L,B,10104,69,2755000
2757,L,S,10032,102,2756000
2758,C,,2624,0,2757000
2759,C,,634,0,2758000
2760,L,S,9978,410,2759000
2761,M,B,0,97,2760000
2762,M,S,0,65,2761000
2763,M,S,0,50,2762000
2764,L,S,10009,177,2763000
2765,L,S,9967,122,2764000
2766,L,S,9919,5,2765000
2767,L,B,10038,249,2766000
2768,L,B,9921,96,2767000
2769,L,S,9928,443,2768000
2770,L,S,9965,243,2769000
2771,M,S,0,90,2770000
2772,M,S,0,25,2771000
2773,C,,2383,0,2772000
2774,L,B,9939,62,2773000
2775,L,B,10153,219,2774000
2776,L,B,9991,443,2775000
2777,L,B,9968,119,2776000
2778,L,B,10088,32,2777000
2779,L,S,9983,144,2778000
2780,C,,2778,0,2779000
2781,L,B,10049,25,2780000
2782,L,B,9969,147,2781000
2783,L,S,9951,52,2782000
2784,L,B,9940,58,2783000
2785,L,B,10003,283,2784000
2786,M,B,0,47,2785000
2787,M,B,0,100,2786000
2788,L,S,10003,300,2787000
2789,L,S,10053,67,2788000
2790,L,S,10169,453,2789000
2791,M,B,0,91,2790000
2792,L,B,10044,483,2791000
2793,L,B,9969,104,2792000
2794,L,B,9801,66,2793000
2795,L,S,9998,437,2794000
2796,M,S,0,45,2795000
2797,C,,1887,0,2796000
2798,L,B,10136,224,2797000
2799,L,B,10071,12,2798000
2800,L,B,9967,496,2799000
2801,L,B,9892,356,2800000
2802,L,S,9953,254,2801000
2803,M,S,0,10,2802000
2804,L,S,9914,206,2803000
2805,L,B,10077,2,2804000
2806,L,B,9955,405,2805000
2807,L,S,9871,369,2806000
2808,L,B,10019,283,2807000
2809,L,B,10102,274,2808000
2810,L,B,10082,475,2809000
2811,L,S,10110,27,2810000
2812,L,B,10036,1,2811000
2813,L,S,9927,498,2812000
2814,L,B,9977,370,2813000
2815,L,S,9920,151,2814000
2816,L,B,10050,113,2815000
2817,M,B,0,33,2816000
2818,C,,2215,0,2817000
2819,M,S,0,100,2818000
2820,L,S,9887,353,2819000
2821,L,S,10064,283,2820000
2822,L,B,9932,167,2821000
2823,L,S,10039,80,2822000
2824,L,S,9896,223,2823000
2825,L,S,10035,95,2824000
2826,M,B,0,73,2825000
2827,L,S,10023,332,2826000
2828,L,B,10092,352,2827000
2829,L,B,9919,37,2828000
2830,L,B,9959,371,2829000
2831,L,S,9947,414,2830000
2832,L,B,9976,7,2831000
2833,M,S,0,6,2832000
2834,L,S,10021,138,2833000
2835,L,S,10173,491,2834000
2836,M,S,0,44,2835000
2837,C,,475,0,2836000
2838,L,B,10014,289,2837000
2839,C,,814,0,2838000
2840,L,B,10003,137,2839000
2841,L,B,10083,423,2840000
2842,L,S,10111,213,2841000
2843,L,S,10083,13,2842000
2844,L,B,9967,472,2843000
2845,C,,1660,0,2844000
2846,M,S,0,15,2845000
2847,L,S,10043,115,2846000
2848,L,S,9943,61,2847000
2849,L,S,10072,44,2848000
2850,C,,2438,0,2849000
2851,L,B,9979,218,2850000
2852,L,S,10036,155,2851000
2853,L,B,10037,256,2852000
2854,M,S,0,92,2853000
2855,M,S,0,20,2854000
2856,M,B,0,19,2855000
2857,L,S,9963,403,2856000
2858,C,,395,0,2857000
2859,L,B,9995,166,2858000
2860,C,,890,0,2859000
2861,M,B,0,64,2860000
2862,L,S,9964,212,2861000
2863,L,S,10103,472,2862000
2864,L,B,10122,255,2863000
2865,L,B,9954,43,2864000
2866,L,B,9990,296,2865000
2867,M,S,0,29,2866000
2868,M,B,0,1,2867000
2869,L,S,9951,69,2868000
2870,C,,366,0,2869000
2871,C,,1587,0,2870000
2872,M,S,0,18,2871000
2873,L,B,10057,437,2872000
2874,L,S,9960,115,2873000
2875,L,B,10021,493,2874000
2876,M,B,0,94,2875000
2877,L,S,9929,340,2876000
2878,L,B,10074,305,2877000
2879,C,,214,0,2878000
2880,L,B,10000,426,2879000
2881,M,B,0,24,2880000
2882,L,B,10010,271,2881000
2883,M,B,0,53,2882000
2884,M,B,0,83,2883000
2885,M,B,0,20,2884000
2886,L,S,9968,83,2885000
2887,L,S,9975,349,2886000
2888,C,,1930,0,2887000
2889,L,S,10068,364,2888000
2890,L,S,9962,140,2889000
2891,C,,2173,0,2890000
2892,L,S,9998,29,2891000
2893,L,B,9933,382,2892000
2894,C,,2453,0,2893000
2895,M,S,0,60,2894000
2896,L,S,9947,28,2895000
2897,M,S,0,25,2896000
2898,L,B,10036,186,2897000
2899,L,S,10053,278,2898000
2900,L,B,10009,6,2899000
2901,M,B,0,71,2900000
2902,L,S,10001,292,2901000
2903,L,S,10028,405,2902000
2904,L,B,10047,183,2903000
2905,M,S,0,65,2904000
2906,L,S,10031,372,2905000
2907,L,B,9973,460,2906000
2908,M,B,0,100,2907000
2909,L,S,9947,196,2908000
2910,L,S,10038,350,2909000
2911,L,S,10009,48,2910000
2912,C,,1103,0,2911000
2913,C,,2701,0,2912000
2914,M,S,0,21,2913000
2915,C,,2106,0,2914000
2916,L,S,9911,175,2915000
2917,L,B,9875,149,2916000
2918,L,S,9873,397,2917000
2919,M,B,0,79,2918000
2920,L,S,10059,291,2919000
2921,L,B,10012,446,2920000
2922,L,S,9966,409,2921000
2923,M,B,0,13,2922000
2924,L,B,9993,296,2923000
2925,L,B,10024,92,2924000
2926,M,B,0,61,2925000
2927,C,,1883,0,2926000
2928,M,B,0,16,2927000
2929,C,,2049,0,2928000
2930,L,S,9894,470,2929000
2931,M,B,0,66,2930000
2932,M,S,0,48,2931000
2933,L,B,10076,231,2932000
2934,L,S,9962,330,2933000
2935,L,S,9916,359,2934000
2936,M,B,0,14,2935000
2937,L,B,9980,199,2936000
2938,C,,2670,0,2937000
2939,L,B,10015,329,2938000
2940,L,S,10032,56,2939000
2941,C,,1717,0,2940000
2942,M,B,0,43,2941000
2943,L,B,10026,310,2942000
2944,L,S,9947,20,2943000
2945,L,S,10008,75,2944000
2946,L,B,10088,195,2945000
2947,L,S,10017,405,2946000
2948,L,B,10126,488,2947000
2949,M,B,0,33,2948000
2950,L,B,10044,36,2949000
2951,L,B,10051,215,2950000
2952,L,S,9948,133,2951000
2953,L,B,10055,494,2952000
2954,M,B,0,45,2953000
2955,C,,2031,0,2954000
2956,L,S,9957,83,2955000
2957,C,,1870,0,2956000
2958,L,S,9993,401,2957000
2959,C,,965,0,2958000
2960,L,S,10006,316,2959000
2961,L,S,10048,423,2960000
2962,M,B,0,20,2961000
2963,C,,757,0,2962000
2964,L,B,9903,406,2963000
2965,C,,1763,0,2964000
2966,L,S,10159,439,2965000
2967,L,B,9989,497,2966000
2968,L,B,9999,357,2967000
2969,L,B,9958,194,2968000
2970,L,B,10036,490,2969000
2971,L,S,10093,9,2970000
2972,L,B,10014,256,2971000
2973,L,B,9969,211,2972000
2974,L,S,9840,172,2973000
2975,L,B,10080,220,2974000
2976,L,S,10037,146,2975000
2977,M,S,0,56,2976000
2978,L,S,10060,481,2977000
2979,C,,541,0,2978000
2980,C,,568,0,2979000
2981,L,B,10028,384,2980000
2982,M,S,0,13,2981000
2983,L,S,9988,413,2982000
2984,L,B,9959,233,2983000
2985,L,B,10022,439,2984000
2986,L,B,10144,212,2985000
2987,C,,2598,0,2986000
2988,M,S,0,1,2987000
2989,C,,1079,0,2988000
2990,L,B,9971,338,2989000
2991,L,S,10019,124,2990000
2992,L,S,9934,17,2991000
2993,L,B,9914,420,2992000
2994,M,B,0,22,2993000
2995,C,,1855,0,2994000
2996,L,S,10087,99,2995000
2997,L,B,10146,220,2996000
2998,L,S,10049,373,2997000
2999,L,S,9929,51,2998000
3000,M,B,0,16,2999000
3001,L,S,9993,432,3000000
3002,M,S,0,71,3001000
3003,L,B,10012,6,3002000
3004,L,S,10008,15,3003000
3005,L,S,10085,13,3004000
3006,M,B,0,59,3005000
3007,L,S,9986,96,3006000
3008,L,S,9977,126,3007000
3009,M,S,0,49,3008000
3010,M,S,0,36,3009000
3011,L,B,10078,12,3010000
3012,L,S,10058,306,3011000
3013,L,B,10044,135,3012000
3014,C,,512,0,3013000
3015,L,S,10038,52,3014000
3016,L,B,9977,38,3015000
3017,L,S,10017,456,3016000
3018,L,S,10067,414,3017000
3019,L,B,10080,324,3018000
3020,L,B,9945,500,3019000
3021,L,B,10090,3,3020000
3022,L,S,9998,475,3021000
3023,L,S,9922,390,3022000
3024,L,S,9982,59,3023000
3025,C,,212,0,3024000
3026,L,B,9978,138,3025000
3027,L,B,9844,48,3026000
3028,L,S,9970,254,3027000
3029,L,S,10105,473,3028000
3030,L,B,9947,144,3029000
3031,C,,572,0,3030000
3032,L,S,9872,160,3031000
3033,L,B,9988,229,3032000
3034,L,S,9931,418,3033000
3035,L,B,9967,181,3034000
3036,L,S,10029,33,3035000
3037,L,S,10049,210,3036000
3038,L,S,9987,331,3037000
3039,C,,2238,0,3038000
3040,L,B,10025,405,3039000
3041,L,B,10053,111,3040000
3042,M,B,0,100,3041000
3043,L,B,9960,110,3042000
3044,L,S,9902,461,3043000
3045,L,B,9991,112,3044000
3046,L,B,10045,312,3045000
3047,C,,2698,0,3046000
3048,L,S,9902,163,3047000
3049,M,B,0,7,3048000
3050,M,B,0,36,3049000
3051,L,B,10052,88,3050000
3052,L,S,10001,10,3051000
3053,L,S,10013,3,3052000
3054,C,,1336,0,3053000
3055,L,S,10080,271,3054000
3056,L,S,10018,36,3055000
3057,L,S,9952,163,3056000
3058,M,B,0,72,3057000
3059,M,B,0,7,3058000
3060,L,S,10028,233,3059000
3061,L,S,10108,481,3060000
3062,L,B,9932,25,3061000
3063,M,B,0,42,3062000
3064,C,,2866,0,3063000
3065,L,B,10051,189,3064000
3066,M,S,0,1,3065000
3067,C,,339,0,3066000
3068,L,S,10134,57,3067000
3069,L,B,9992,406,3068000
3070,M,B,0,22,3069000
3071,C,,2419,0,3070000
3072,L,B,10101,442,3071000
3073,L,S,10083,327,3072000
3074,L,B,9886,271,3073000
3075,L,B,9947,396,3074000
3076,M,B,0,34,3075000
3077,M,S,0,46,3076000
3078,L,S,10003,338,3077000
3079,L,S,9992,254,3078000
3080,L,B,9976,111,3079000
3081,L,B,9940,417,3080000
3082,L,S,10004,440,3081000
3083,L,S,9975,435,3082000
3084,L,S,9906,113,3083000
3085,C,,1693,0,3084000
3086,C,,2528,0,3085000
3087,L,S,10020,85,3086000
3088,M,S,0,74,3087000
3089,L,B,10049,449,3088000
3090,L,B,10073,137,3089000
3091,L,S,10007,232,3090000
3092,L,B,9941,109,3091000
3093,L,S,9981,261,3092000
3094,L,B,9986,196,3093000
3095,M,B,0,38,3094000
3096,L,B,10015,142,3095000
3097,L,B,9908,331,3096000
3098,L,B,10040,59,3097000
3099,L,B,9998,52,3098000
3100,L,S,10024,359,3099000
3101,M,B,0,13,3100000
3102,L,S,9973,88,3101000
3103,M,B,0,37,3102000
3104,M,B,0,1,3103000
3105,L,S,9928,359,3104000
3106,L,S,10061,88,3105000
3107,L,B,9919,96,3106000
3108,L,B,10095,220,3107000
3109,L,B,9977,136,3108000
3110,C,,862,0,3109000
3111,M,S,0,77,3110000
3112,L,B,10135,242,3111000
3113,L,S,10000,291,3112000
3114,M,B,0,30,3113000
3115,L,B,10017,156,3114000
3116,M,B,0,63,3115000
3117,M,S,0,33,3116000
3118,M,B,0,59,3117000
3119,L,B,10023,364,3118000
3120,L,S,9932,432,3119000
3121,L,B,9886,352,3120000
3122,L,S,10041,113,3121000
3123,M,B,0,64,3122000
3124,L,S,10054,357,3123000
3125,C,,1607,0,3124000
3126,L,B,10057,56,3125000
3127,C,,2554,0,3126000
3128,M,S,0,58,3127000
3129,C,,2236,0,3128000
3130,L,S,9969,179,3129000
3131,C,,1720,0,3130000
3132,L,S,9993,297,3131000
3133,L,B,10042,314,3132000
3134,L,S,9892,178,3133000
3135,L,S,9952,256,3134000
3136,C,,766,0,3135000
3137,L,B,10091,341,3136000
3138,L,B,9981,34,3137000
3139,M,B,0,6,3138000
3140,L,S,10055,3,3139000
3141,L,S,10054,1,3140000
3142,L,B,10084,258,3141000
3143,M,S,0,20,3142000
3144,C,,2844,0,3143000
3145,L,S,9920,101,3144000
3146,L,S,9996,478,3145000
3147,L,S,10016,327,3146000
3148,L,B,10116,472,3147000
3149,L,B,9921,289,3148000
3150,L,S,10012,394,3149000
3151,L,B,9966,284,3150000
3152,L,B,9956,237,3151000
3153,L,B,10145,449,3152000
3154,M,B,0,68,3153000
3155,L,B,10096,240,3154000
3156,L,B,9959,493,3155000
3157,L,B,9844,216,3156000
3158,L,B,9940,465,3157000
3159,L,B,9966,279,3158000
3160,C,,1375,0,3159000
3161,L,S,9998,65,3160000
3162,L,B,10048,236,3161000
3163,M,B,0,35,3162000
3164,M,S,0,43,3163000
3165,L,S,9873,290,3164000
3166,L,B,10101,346,3165000
3167,L,S,10040,360,3166000
3168,L,B,9996,115,3167000
3169,C,,2615,0,3168000
3170,C,,1401,0,3169000
3171,L,S,9923,480,3170000
3172,L,B,9988,1,3171000
3173,L,S,9970,267,3172000
3174,L,B,9876,228,3173000
3175,L,S,10020,154,3174000
3176,L,S,10054,280,3175000
3177,L,S,9885,225,3176000
3178,C,,2531,0,3177000
3179,L,B,10036,382,3178000
3180,M,B,0,95,3179000
3181,M,B,0,62,3180000
3182,L,S,10004,492,3181000
3183,L,B,9990,410,3182000
3184,L,B,10065,218,3183000
3185,L,B,10048,298,3184000
3186,L,S,10045,458,3185000
3187,M,B,0,46,3186000
3188,C,,2018,0,3187000
3189,C,,1987,0,3188000
3190,L,S,9918,258,3189000
3191,L,S,10102,269,3190000
3192,L,B,9966,369,3191000
3193,L,B,9949,440,3192000
3194,M,B,0,98,3193000
3195,M,S,0,9,3194000
3196,C,,2641,0,3195000
3197,L,S,9967,363,3196000
3198,C,,3056,0,3197000
3199,M,B,0,90,3198000
3200,L,S,9975,179,3199000
3201,L,S,10014,376,3200000
3202,L,B,10006,55,3201000
3203,L,S,9979,396,3202000
3204,M,S,0,31,3203000
3205,L,S,10043,373,3204000
3206,C,,3003,0,3205000
3207,C,,391,0,3206000
3208,L,B,10107,227,3207000
3209,M,S,0,4,3208000
3210,C,,1467,0,3209000
3211,L,B,10025,69,3210000
3212,C,,2404,0,3211000
3213,L,B,9900,116,3212000
3214,L,B,10005,417,3213000
3215,L,S,10012,492,3214000
3216,M,B,0,18,3215000
3217,C,,1616,0,3216000
3218,M,S,0,10,3217000
3219,L,S,10007,491,3218000
3220,C,,2638,0,3219000
3221,L,B,10033,257,3220000
3222,L,S,10120,287,3221000
3223,C,,3149,0,3222000
3224,L,B,9982,41,3223000
3225,L,S,10017,52,3224000
3226,L,B,9952,115,3225000
3227,M,B,0,33,3226000
3228,L,B,9965,447,3227000
3229,C,,1357,0,3228000
3230,L,S,10093,257,3229000
3231,L,S,9877,280,3230000
3232,M,B,0,61,3231000
3233,C,,1261,0,3232000
3234,M,B,0,54,3233000
3235,L,B,10003,281,3234000
3236,M,B,0,97,3235000
3237,M,S,0,31,3236000
3238,L,S,9964,289,3237000
3239,C,,2834,0,3238000
3240,M,S,0,45,3239000
3241,C,,1830,0,3240000
3242,L,S,10073,485,3241000
3243,L,S,10040,54,3242000
3244,L,S,9959,156,3243000
3245,M,S,0,30,3244000
3246,L,B,9943,397,3245000
3247,M,B,0,78,3246000
3248,C,,2781,0,3247000
3249,M,B,0,62,3248000
3250,L,S,9977,219,3249000
3251,L,B,9934,61,3250000
3252,C,,1648,0,3251000
3253,L,B,10042,48,3252000
3254,L,B,9976,383,3253000
3255,M,S,0,69,3254000
3256,L,S,10105,417,3255000
3257,L,B,10009,225,3256000
3258,L,B,9943,126,3257000
3259,C,,703,0,3258000
3260,L,B,10078,63,3259000
3261,M,B,0,70,3260000
3262,L,S,10055,440,3261000
3263,L,S,9869,483,3262000
3264,L,S,10033,458,3263000
3265,L,S,9964,258,3264000
3266,L,B,9862,249,3265000
3267,L,B,10086,71,3266000
3268,M,S,0,40,3267000
3269,M,B,0,48,3268000
3270,M,S,0,5,3269000
3271,C,,2828,0,3270000
3272,L,S,10013,429,3271000
3273,L,B,9996,197,3272000
3274,L,S,10121,197,3273000
3275,L,S,10047,197,3274000
3276,L,B,9929,273,3275000
3277,L,B,10067,278,3276000
3278,M,S,0,78,3277000
3279,M,B,0,34,3278000
3280,M,S,0,97,3279000
3281,L,S,9904,401,3280000
3282,M,S,0,8,3281000
3283,M,S,0,93,3282000
3284,C,,1360,0,3283000
3285,C,,2286,0,3284000
3286,L,S,9908,291,3285000
3287,M,B,0,49,3286000
3288,L,S,10010,144,3287000
3289,M,S,0,11,3288000
3290,C,,3072,0,3289000
3291,L,B,10145,203,3290000
3292,L,B,9995,335,3291000
3293,M,S,0,16,3292000
3294,L,S,10050,429,3293000
3295,L,B,9931,239,3294000
3296,L,B,10016,327,3295000
3297,M,B,0,8,3296000
3298,L,B,10067,489,3297000
3299,L,B,9950,393,3298000
3300,M,B,0,64,3299000
3301,L,S,10055,26,3300000
3302,L,S,10073,95,3301000
3303,M,S,0,75,3302000
3304,L,S,10022,133,3303000
3305,C,,129,0,3304000
3306,M,S,0,46,3305000
3307,L,B,10162,121,3306000
3308,L,B,9926,122,3307000
3309,L,S,10027,425,3308000
3310,M,B,0,83,3309000
3311,L,B,10090,185,3310000
3312,L,B,10014,334,3311000
3313,L,S,9996,189,3312000
3314,L,S,10016,467,3313000
3315,L,B,10013,367,3314000
3316,M,S,0,75,3315000
3317,M,S,0,49,3316000
3318,M,B,0,93,3317000
3319,L,S,10056,333,3318000
3320,L,B,10043,258,3319000
3321,C,,2606,0,3320000
3322,L,B,9982,376,3321000
3323,L,S,10027,338,3322000
3324,L,B,9914,138,3323000
3325,L,S,10050,410,3324000
3326,M,B,0,59,3325000
3327,L,S,9969,355,3326000
3328,L,S,10046,181,3327000
3329,L,B,9957,186,3328000
3330,M,S,0,58,3329000
3331,M,B,0,17,3330000
3332,C,,1194,0,3331000
3333,M,B,0,75,3332000
3334,M,S,0,37,3333000
3335,L,B,9934,76,3334000
3336,L,S,10042,396,3335000
3337,L,B,9962,215,3336000
3338,L,S,10011,477,3337000
3339,L,B,10086,13,3338000
3340,M,S,0,17,3339000
3341,L,S,9908,199,3340000
3342,C,,1609,0,3341000
3343,L,S,10002,173,3342000
3344,C,,1541,0,3343000
3345,L,S,10055,370,3344000
3346,L,S,9956,210,3345000
3347,L,S,10057,224,3346000
3348,L,B,10028,393,3347000
3349,L,S,10031,261,3348000
3350,L,S,9947,333,3349000
3351,L,B,9965,91,3350000
3352,L,S,10028,153,3351000
3353,L,B,9990,266,3352000
3354,C,,2445,0,3353000
3355,L,S,9986,388,3354000
3356,L,B,10064,417,3355000
3357,C,,2960,0,3356000
3358,L,S,9918,51,3357000
3359,L,B,9959,148,3358000
3360,L,B,10041,470,3359000
3361,L,S,9964,55,3360000
3362,C,,2745,0,3361000
3363,L,B,9925,87,3362000
3364,L,S,9975,492,3363000
3365,C,,2304,0,3364000
3366,M,B,0,4,3365000
3367,L,B,10066,228,3366000
3368,L,S,9978,152,3367000
3369,C,,2910,0,3368000
3370,M,S,0,57,3369000
3371,C,,2146,0,3370000
3372,L,S,10108,60,3371000
3373,C,,3185,0,3372000
3374,L,S,9996,373,3373000
3375,L,B,9963,377,3374000
3376,L,S,10062,362,3375000
3377,M,S,0,5,3376000
3378,L,S,10015,431,3377000
3379,L,S,9944,321,3378000
3380,L,S,10036,193,3379000
3381,C,,1084,0,3380000
3382,M,B,0,20,3381000
3383,L,B,10001,255,3382000
3384,L,B,10116,439,3383000
3385,M,B,0,56,3384000
3386,L,S,9885,107,3385000
3387,M,B,0,89,3386000
3388,L,B,9918,248,3387000
3389,L,S,9953,450,3388000
3390,L,B,9980,408,3389000
3391,L,S,10074,279,3390000
3392,L,B,10104,387,3391000
3393,M,B,0,58,3392000
3394,L,S,10089,60,3393000
3395,L,S,9968,204,3394000
3396,M,S,0,62,3395000
3397,M,S,0,77,3396000
3398,L,B,9948,149,3397000
3399,L,B,10040,288,3398000
3400,M,B,0,41,3399000
3401,L,S,9945,218,3400000
3402,L,S,9988,174,3401000
3403,L,B,10106,230,3402000
3404,L,S,10022,321,3403000
3405,L,S,10039,313,3404000
3406,L,S,10105,411,3405000
3407,L,S,10013,171,3406000
3408,C,,3078,0,3407000
3409,M,B,0,7,3408000
3410,L,B,10012,275,3409000
3411,L,S,10036,149,3410000
3412,M,S,0,43,3411000
3413,L,S,10000,433,3412000
3414,L,S,10011,53,3413000
3415,L,S,10052,13,3414000
3416,L,S,10014,127,3415000
3417,L,S,10025,206,3416000
3418,L,S,9941,139,3417000
3419,C,,451,0,3418000
3420,L,S,10005,8,3419000
3421,M,S,0,20,3420000
3422,L,S,9932,201,3421000
3423,L,S,9978,263,3422000
3424,M,B,0,59,3423000
3425,L,B,10054,336,3424000
3426,L,B,9958,209,3425000
3427,L,B,10020,465,3426000
3428,M,S,0,49,3427000
3429,L,B,9950,280,3428000
3430,M,B,0,74,3429000
3431,C,,1779,0,3430000
3432,M,B,0,62,3431000
3433,L,S,10039,171,3432000
3434,L,S,10073,107,3433000
3435,C,,2137,0,3434000
3436,L,B,10042,207,3435000
3437,L,B,9986,120,3436000
3438,L,B,9916,211,3437000
3439,L,B,10034,290,3438000
3440,L,S,10047,138,3439000
3441,M,S,0,63,3440000
3442,L,B,9967,363,3441000
3443,L,S,9953,379,3442000
3444,C,,477,0,3443000
3445,C,,1891,0,3444000
3446,M,B,0,97,3445000
3447,L,S,10031,446,3446000
3448,C,,288,0,3447000
3449,C,,2162,0,3448000
3450,L,S,10030,250,3449000
3451,L,S,9993,61,3450000
3452,L,B,10004,473,3451000
3453,C,,1308,0,3452000
3454,L,S,9934,73,3453000
3455,L,S,10069,412,3454000
3456,L,S,9950,237,3455000
3457,L,B,9994,383,3456000
3458,M,S,0,18,3457000
3459,L,S,9943,92,3458000
3460,L,B,10009,3,3459000
3461,L,B,9972,170,3460000
3462,L,S,9923,305,3461000
3463,L,B,9956,322,3462000
3464,L,B,9983,146,3463000
3465,M,S,0,75,3464000
3466,M,B,0,99,3465000
3467,L,B,9906,40,3466000
3468,L,B,9976,111,3467000
3469,L,B,10095,301,3468000
3470,L,B,10071,295,3469000
3471,M,S,0,36,3470000
3472,C,,2998,0,3471000
3473,C,,2774,0,3472000
3474,C,,1037,0,3473000
3475,L,S,10029,412,3474000
3476,L,B,9999,244,3475000
3477,C,,1505,0,3476000
3478,L,S,10078,218,3477000
3479,M,B,0,65,3478000
3480,M,B,0,51,3479000
3481,L,B,10091,243,3480000
3482,L,S,9990,310,3481000
3483,M,S,0,82,3482000
3484,M,S,0,56,3483000
3485,L,B,10024,404,3484000
3486,L,B,10078,92,3485000
3487,L,B,9943,239,3486000
3488,M,B,0,55,3487000
3489,L,S,10157,196,3488000
3490,L,S,9998,6,3489000
3491,L,B,10030,169,3490000
3492,L,B,10083,130,3491000
3493,L,B,9987,329,3492000
3494,L,B,10095,357,3493000
3495,M,B,0,8,3494000
3496,C,,3292,0,3495000
3497,L,S,9911,233,3496000
3498,L,B,10016,448,3497000
3499,L,S,10050,314,3498000
3500,C,,807,0,3499000
3501,M,B,0,17,3500000
3502,L,S,10038,62,3501000
3503,L,S,10027,279,3502000
3504,L,S,10011,336,3503000
3505,L,B,10067,163,3504000
3506,C,,874,0,3505000
3507,C,,2489,0,3506000
3508,M,B,0,2,3507000
3509,C,,1811,0,3508000
3510,L,S,9890,32,3509000
3511,L,S,9893,43,3510000
3512,L,B,9999,312,3511000
3513,L,S,10051,429,3512000
3514,C,,1460,0,3513000
3515,L,B,10097,175,3514000
3516,L,S,10131,46,3515000
3517,L,B,10079,374,3516000
3518,L,B,9991,87,3517000
3519,M,B,0,48,3518000
3520,L,S,9991,483,3519000
3521,L,S,9911,98,3520000
3522,M,S,0,40,3521000
3523,L,S,9889,92,3522000
3524,L,S,9892,140,3523000
3525,C,,909,0,3524000
3526,C,,1272,0,3525000
3527,M,B,0,63,3526000
3528,L,B,10065,396,3527000
3529,L,B,9915,19,3528000
3530,C,,2491,0,3529000
3531,L,S,9908,108,3530000
3532,C,,1947,0,3531000
3533,L,S,10013,359,3532000
3534,C,,2377,0,3533000
3535,M,S,0,12,3534000
3536,L,B,9957,112,3535000
3537,L,B,10073,96,3536000
3538,L,B,10064,166,3537000
3539,L,B,9986,360,3538000
3540,L,B,9991,462,3539000
3541,L,B,9952,52,3540000
3542,L,B,10082,84,3541000
3543,L,B,10120,234,3542000
3544,L,S,10016,375,3543000
3545,L,S,9999,173,3544000
3546,L,B,10064,21,3545000
3547,C,,3476,0,3546000
3548,L,S,10028,219,3547000
3549,M,S,0,52,3548000
3550,L,B,9986,86,3549000
3551,C,,3510,0,3550000
3552,L,S,9838,291,3551000
3553,M,B,0,43,3552000
3554,M,B,0,12,3553000
3555,L,S,9976,411,3554000
3556,L,B,9906,103,3555000
3557,C,,1427,0,3556000
3558,L,B,10023,440,3557000
3559,L,B,10003,433,3558000
3560,M,B,0,21,3559000
3561,L,B,10101,352,3560000
3562,L,B,9937,238,3561000
3563,M,S,0,13,3562000
3564,L,B,10011,479,3563000
3565,L,S,10098,374,3564000
3566,C,,2533,0,3565000
3567,L,B,9927,251,3566000
3568,M,S,0,4,3567000
3569,L,S,10007,175,3568000
3570,L,B,9937,307,3569000
3571,M,S,0,83,3570000
3572,L,B,10054,48,3571000
3573,L,S,10015,218,3572000
3574,L,B,9966,134,3573000
3575,C,,1897,0,3574000
3576,L,B,9932,265,3575000
3577,M,B,0,11,3576000
3578,L,S,9963,414,3577000
3579,L,B,9944,295,3578000
3580,L,S,10096,344,3579000
3581,L,S,10007,156,3580000
3582,L,S,10090,466,3581000
3583,L,B,10080,243,3582000
3584,M,S,0,47,3583000
3585,L,B,9901,446,3584000
3586,M,B,0,44,3585000
3587,C,,2930,0,3586000
3588,L,B,10051,417,3587000
3589,L,S,9932,21,3588000
3590,L,B,10029,188,3589000
3591,L,S,9953,346,3590000
3592,L,S,10051,278,3591000
3593,L,B,9938,153,3592000
3594,L,S,10036,183,3593000
3595,M,S,0,51,3594000
3596,L,B,10088,325,3595000
3597,L,S,10060,177,3596000
3598,C,,2859,0,3597000
3599,L,S,10127,421,3598000
3600,L,B,9912,40,3599000
3601,L,B,9918,416,3600000
3602,C,,1745,0,3601000
3603,L,S,9933,173,3602000
3604,C,,3061,0,3603000
3605,L,B,10044,370,3604000
3606,M,S,0,56,3605000
3607,C,,3208,0,3606000
3608,L,B,10101,156,3607000
3609,L,S,10027,26,3608000
3610,L,B,9902,390,3609000
3611,C,,1331,0,3610000
3612,M,S,0,36,3611000
3613,L,B,9967,146,3612000
3614,L,B,10025,10,3613000
3615,M,S,0,36,3614000
3616,L,S,10057,114,3615000
3617,L,S,9992,114,3616000
3618,L,B,9971,302,3617000
3619,L,S,9879,278,3618000
3620,L,S,10060,178,3619000
3621,M,B,0,96,3620000
3622,L,S,10004,88,3621000
3623,M,B,0,5,3622000
3624,M,S,0,11,3623000
3625,L,S,9975,272,3624000
3626,L,B,10037,162,3625000
3627,L,B,10049,320,3626000
3628,L,B,10073,392,3627000
3629,L,S,9928,121,3628000
3630,L,S,9974,194,3629000
3631,L,S,10038,57,3630000
3632,L,B,10026,82,3631000
3633,M,S,0,52,3632000
3634,L,B,10028,143,3633000
3635,L,B,10140,55,3634000
3636,M,S,0,82,3635000
3637,M,B,0,69,3636000
3638,L,B,9908,147,3637000
3639,M,B,0,23,3638000
3640,L,B,10063,425,3639000
3641,L,B,10068,197,3640000
3642,L,B,10128,215,3641000
3643,L,S,9974,318,3642000
3644,L,B,9976,293,3643000
3645,M,S,0,42,3644000
3646,L,B,9929,488,3645000
3647,L,S,9929,453,3646000
3648,M,B,0,66,3647000
3649,C,,3405,0,3648000
3650,C,,2043,0,3649000
3651,L,S,10071,472,3650000
3652,L,B,10139,34,3651000
3653,C,,1035,0,3652000
3654,L,B,9971,124,3653000
3655,M,S,0,65,3654000
3656,L,S,9934,429,3655000
3657,L,S,10040,493,3656000
3658,L,S,10062,350,3657000
3659,M,S,0,61,3658000
3660,C,,427,0,3659000
3661,M,S,0,92,3660000
3662,L,S,9843,366,3661000
3663,L,B,9876,372,3662000
3664,L,S,10050,21,3663000
3665,L,S,9906,262,3664000
3666,L,B,10007,434,3665000
3667,L,S,9970,386,3666000
3668,M,S,0,47,3667000
3669,L,B,10101,108,3668000
3670,L,B,9939,356,3669000
3671,L,S,9951,134,3670000
3672,L,S,10002,170,3671000
3673,M,S,0,73,3672000
3674,L,B,10051,14,3673000
3675,L,B,10062,186,3674000
3676,M,B,0,92,3675000
3677,L,S,9930,151,3676000
3678,L,S,10011,66,3677000
3679,L,B,9930,15,3678000
3680,C,,2497,0,3679000
3681,L,S,10063,133,3680000
3682,L,S,10055,245,3681000
3683,L,B,9942,177,3682000
3684,L,S,9919,194,3683000
3685,C,,2157,0,3684000
3686,L,S,10000,247,3685000
3687,L,S,10160,176,3686000
3688,L,B,10014,77,3687000
3689,L,S,10023,183,3688000
3690,L,S,9907,327,3689000
3691,C,,3383,0,3690000
3692,M,S,0,68,3691000
3693,C,,3044,0,3692000
3694,L,S,9976,169,3693000
3695,L,B,10018,493,3694000
3696,L,S,10123,29,3695000
3697,L,S,9874,126,3696000
3698,L,S,9965,126,3697000
3699,L,S,9911,91,3698000
3700,L,S,9973,98,3699000
3701,M,S,0,17,3700000
3702,L,B,9991,117,3701000
3703,L,S,9970,452,3702000
3704,M,B,0,82,3703000
3705,L,B,10004,227,3704000
3706,L,B,9956,250,3705000
3707,L,B,9988,221,3706000
3708,C,,638,0,3707000
3709,M,B,0,83,3708000
3710,L,S,9945,1,3709000
3711,L,B,9952,139,3710000
3712,L,B,9920,488,3711000
3713,L,B,9997,273,3712000
3714,L,B,9947,226,3713000
3715,L,S,9979,94,3714000
3716,L,B,10074,84,3715000
3717,L,S,9988,345,3716000
3718,L,S,9911,276,3717000
3719,M,B,0,14,3718000
3720,M,B,0,65,3719000
3721,L,S,10033,242,3720000
3722,L,B,9934,80,3721000
3723,L,B,9945,203,3722000
3724,M,S,0,79,3723000
3725,M,B,0,67,3724000
3726,C,,2760,0,3725000
3727,L,B,9993,135,3726000
3728,L,S,9953,156,3727000
3729,L,B,9982,162,3728000
3730,L,B,9876,202,3729000
3731,M,B,0,52,3730000
3732,L,B,9978,234,3731000
3733,M,B,0,91,3732000
3734,L,S,9971,132,3733000
3735,L,B,9949,167,3734000
3736,L,S,10106,409,3735000
3737,L,S,10019,125,3736000
3738,L,S,9976,483,3737000
3739,M,B,0,6,3738000
3740,M,B,0,91,3739000
3741,L,B,9950,52,3740000
3742,L,B,9960,276,3741000
3743,L,S,10027,384,3742000
3744,L,S,10022,376,3743000
3745,L,B,10032,103,3744000
3746,L,B,10045,168,3745000
3747,L,S,9995,150,3746000
3748,M,B,0,99,3747000
3749,L,S,10081,365,3748000
3750,M,S,0,47,3749000
3751,C,,2006,0,3750000
3752,M,B,0,42,3751000
3753,L,B,9951,361,3752000
3754,L,S,10086,478,3753000
3755,L,B,9944,250,3754000
3756,M,S,0,8,3755000
3757,C,,2269,0,3756000
3758,L,S,10035,17,3757000
3759,C,,3498,0,3758000
3760,M,S,0,63,3759000
3761,L,B,10024,48,3760000
3762,C,,3177,0,3761000
3763,L,B,10010,263,3762000
3764,M,B,0,60,3763000
3765,L,S,10001,221,3764000
3766,M,B,0,95,3765000
3767,L,B,9887,94,3766000
3768,L,B,9900,420,3767000
3769,C,,3555,0,3768000
3770,L,S,9983,4,3769000
3771,L,B,10058,78,3770000
3772,L,B,10003,346,3771000
3773,M,S,0,84,3772000
3774,M,S,0,74,3773000
3775,C,,3569,0,3774000
3776,C,,3482,0,3775000
3777,L,B,10034,52,3776000
3778,L,S,10045,433,3777000
3779,L,B,9986,446,3778000
3780,L,B,10020,107,3779000
3781,L,B,10048,471,3780000
3782,L,B,9998,71,3781000
3783,C,,3721,0,3782000
3784,L,S,9949,381,3783000
3785,C,,1053,0,3784000
3786,L,B,10051,205,3785000
3787,L,S,9971,497,3786000
3788,L,S,9982,371,3787000
3789,L,B,10039,380,3788000
3790,L,S,10153,163,3789000
3791,L,B,10066,245,3790000
3792,L,B,10042,234,3791000
3793,L,B,9851,52,3792000
3794,L,S,10081,429,3793000
3795,L,S,9973,360,3794000
3796,L,S,9961,200,3795000
3797,C,,128,0,3796000
3798,C,,1345,0,3797000
3799,M,S,0,6,3798000
3800,L,B,9968,80,3799000
3801,L,B,9987,20,3800000
3802,L,S,10065,191,3801000
3803,L,S,9928,215,3802000
3804,L,S,10107,415,3803000
3805,M,B,0,15,3804000
3806,M,B,0,27,3805000
3807,L,S,9977,466,3806000
3808,M,S,0,4,3807000
3809,M,B,0,61,3808000
3810,L,S,10017,194,3809000
3811,M,S,0,22,3810000
3812,L,B,9990,460,3811000
3813,L,B,10160,238,3812000
3814,C,,3450,0,3813000
3815,C,,1994,0,3814000
3816,L,S,10071,327,3815000
3817,L,B,10041,166,3816000
3818,M,B,0,79,3817000
3819,M,B,0,64,3818000
3820,M,S,0,26,3819000
3821,L,S,9970,413,3820000
3822,C,,1143,0,3821000
3823,M,S,0,92,3822000
3824,L,S,10037,95,3823000
3825,M,B,0,91,3824000
3826,C,,2814,0,3825000
3827,L,S,10029,453,3826000
3828,L,S,9970,75,3827000
3829,L,S,10057,18,3828000
3830,M,S,0,81,3829000
3831,L,B,10015,18,3830000
3832,M,B,0,51,3831000
3833,L,S,10033,248,3832000
3834,C,,964,0,3833000
3835,L,S,9936,110,3834000
3836,L,B,9966,226,3835000
3837,L,B,10017,173,3836000
3838,C,,958,0,3837000
3839,L,S,9850,250,3838000
3840,M,B,0,13,3839000
3841,M,B,0,67,3840000
3842,L,S,9987,279,3841000
3843,L,B,10006,235,3842000
3844,M,B,0,92,3843000
3845,L,S,9975,482,3844000
3846,L,S,10066,259,3845000
3847,L,S,10060,73,3846000
3848,M,B,0,3,3847000
3849,L,S,9948,270,3848000
3850,L,B,10051,410,3849000
3851,L,S,9938,356,3850000
3852,C,,2338,0,3851000
3853,L,B,9960,440,3852000
3854,L,S,9915,385,3853000
3855,M,S,0,79,3854000
3856,L,B,10167,206,3855000
3857,L,S,10053,498,3856000
3858,L,B,9954,154,3857000
3859,L,B,10095,285,3858000
3860,M,B,0,94,3859000
3861,L,S,10063,74,3860000
3862,L,B,10024,498,3861000
3863,M,S,0,32,3862000
3864,L,B,9923,128,3863000
3865,M,B,0,36,3864000
3866,L,B,10043,372,3865000
3867,M,S,0,20,3866000
3868,L,B,9991,327,3867000
3869,L,B,10058,53,3868000
3870,M,S,0,30,3869000
3871,M,B,0,16,3870000
3872,L,S,10078,387,3871000
3873,C,,1604,0,3872000
3874,C,,3754,0,3873000
3875,C,,1766,0,3874000
3876,M,B,0,81,3875000
3877,L,S,10112,449,3876000
3878,M,S,0,63,3877000
3879,M,B,0,14,3878000
3880,L,S,10129,124,3879000
3881,C,,2812,0,3880000
3882,L,S,9967,222,3881000
3883,L,S,10035,371,3882000
3884,M,S,0,82,3883000
3885,L,B,9960,429,3884000
3886,L,B,10105,249,3885000
3887,L,B,10008,303,3886000
3888,L,B,10124,250,3887000
3889,L,S,9998,193,3888000
3890,L,S,9991,56,3889000
3891,L,S,9984,489,3890000
3892,L,B,10048,298,3891000
3893,M,S,0,54,3892000
3894,M,S,0,6,3893000
3895,L,S,9990,437,3894000
3896,L,S,10065,413,3895000
3897,L,S,10015,343,3896000
3898,C,,1097,0,3897000
3899,L,B,10028,472,3898000
3900,L,B,9990,234,3899000
3901,M,B,0,88,3900000
3902,L,S,10000,25,3901000
3903,L,S,10072,326,3902000
3904,L,S,10028,281,3903000
3905,L,S,10110,386,3904000
3906,L,S,10073,171,3905000
3907,L,S,9892,413,3906000
3908,M,B,0,40,3907000
3909,L,S,9964,255,3908000
3910,L,S,9956,104,3909000
3911,L,S,9929,459,3910000
3912,L,B,10097,87,3911000
3913,L,B,9873,359,3912000
3914,L,B,9929,287,3913000
3915,L,B,9986,47,3914000
3916,M,S,0,85,3915000
3917,L,B,9959,367,3916000
3918,L,B,10044,433,3917000
3919,C,,3335,0,3918000
3920,C,,3274,0,3919000
3921,L,S,10048,43,3920000
3922,L,B,10023,80,3921000
3923,M,B,0,64,3922000
3924,L,S,9956,113,3923000
3925,L,B,9973,7,3924000
3926,L,S,9963,440,3925000
3927,L,S,9928,291,3926000
3928,L,B,10043,266,3927000
3929,L,S,10141,383,3928000
3930,L,S,9881,187,3929000
3931,M,B,0,48,3930000
3932,L,S,10007,40,3931000
3933,C,,1323,0,3932000
3934,L,S,10082,360,3933000
3935,L,S,10129,402,3934000
3936,C,,3777,0,3935000
3937,L,B,10135,424,3936000
3938,L,S,9981,284,3937000
3939,M,B,0,35,3938000
3940,L,B,9907,317,3939000
3941,L,S,10200,12,3940000
3942,L,S,10087,30,3941000
3943,C,,3782,0,3942000
3944,C,,1429,0,3943000
3945,L,B,10051,130,3944000
3946,C,,353,0,3945000
3947,M,B,0,91,3946000
3948,M,B,0,51,3947000
3949,L,B,9985,276,3948000
3950,M,B,0,30,3949000
3951,L,S,10035,277,3950000
3952,C,,2699,0,3951000
3953,C,,612,0,3952000
3954,M,B,0,16,3953000
3955,M,B,0,9,3954000
3956,L,S,9988,376,3955000
3957,L,S,10029,428,3956000
3958,L,S,9801,254,3957000
3959,M,B,0,13,3958000
3960,C,,3191,0,3959000
3961,M,B,0,61,3960000
3962,L,B,10051,363,3961000
3963,L,B,10035,47,3962000
3964,L,B,10028,325,3963000
3965,L,B,10192,49,3964000
3966,L,B,9852,31,3965000
3967,M,B,0,1,3966000
3968,C,,191,0,3967000
3969,L,B,9884,15,3968000
3970,M,S,0,48,3969000
3971,C,,1625,0,3970000
3972,L,S,10019,177,3971000
3973,L,S,10042,80,3972000
3974,L,S,10081,451,3973000
3975,M,S,0,57,3974000
3976,L,B,9935,276,3975000
3977,C,,1218,0,3976000
3978,M,B,0,38,3977000
3979,L,S,9966,52,3978000
3980,L,S,9979,314,3979000
3981,C,,3657,0,3980000
3982,C,,3213,0,3981000
3983,M,S,0,86,3982000
3984,L,B,9968,419,3983000
3985,L,S,10036,22,3984000
3986,L,S,10107,466,3985000
3987,M,S,0,76,3986000
3988,L,S,9943,340,3987000
3989,M,S,0,73,3988000
3990,L,S,9935,103,3989000
3991,L,B,10051,391,3990000
3992,L,S,9937,43,3991000
3993,L,B,10031,165,3992000
3994,L,S,9929,395,3993000
3995,L,S,10195,29,3994000
3996,L,B,10053,301,3995000
3997,M,S,0,23,3996000
3998,L,S,9982,274,3997000
3999,L,S,9954,276,3998000
4000,L,S,10041,448,3999000
4001,L,S,10046,349,4000000
4002,M,S,0,13,4001000
4003,L,B,9936,114,4002000
4004,M,B,0,27,4003000
4005,L,S,9985,196,4004000
4006,L,S,9987,474,4005000
4007,L,S,9921,170,4006000
4008,C,,3224,0,4007000
4009,M,B,0,52,4008000
4010,L,B,9876,127,4009000
4011,L,B,10088,364,4010000
4012,C,,2677,0,4011000
4013,L,S,9953,378,4012000
4014,C,,3363,0,4013000
4015,M,B,0,53,4014000
4016,L,S,10042,130,4015000
4017,L,S,10107,203,4016000
4018,L,S,10070,37,4017000
4019,L,B,10073,462,4018000
4020,M,B,0,69,4019000
4021,L,S,9996,477,4020000
4022,M,B,0,37,4021000
4023,L,S,10100,56,4022000
4024,M,B,0,26,4023000
4025,C,,3938,0,4024000
4026,L,S,10074,58,4025000
4027,L,S,10016,95,4026000
4028,L,S,10065,190,4027000
4029,L,B,10029,306,4028000
4030,M,S,0,65,4029000
4031,M,B,0,27,4030000
4032,M,B,0,2,4031000
4033,C,,2899,0,4032000
4034,C,,2262,0,4033000
4035,C,,2967,0,4034000
4036,L,S,10061,485,4035000
4037,L,B,10022,95,4036000
4038,L,B,9998,226,4037000
4039,L,B,9986,271,4038000
4040,L,B,9945,58,4039000
4041,M,B,0,69,4040000
4042,L,S,9983,371,4041000
4043,C,,3094,0,4042000
4044,L,S,9998,2,4043000
4045,L,S,9994,394,4044000
4046,L,S,10001,280,4045000
4047,L,S,9983,467,4046000
4048,L,S,9924,199,4047000
4049,L,S,10066,350,4048000
4050,L,B,10094,246,4049000
4051,C,,1478,0,4050000
4052,L,S,9989,115,4051000
4053,L,S,10079,132,4052000
4054,C,,3082,0,4053000
4055,M,B,0,39,4054000
4056,L,B,10155,364,4055000
4057,C,,2078,0,4056000
4058,C,,1259,0,4057000
4059,M,B,0,52,4058000
4060,L,B,9993,199,4059000
4061,L,B,9929,341,4060000
4062,L,S,10012,98,4061000
4063,L,S,10044,374,4062000
4064,M,S,0,60,4063000
4065,L,S,9920,110,4064000
4066,L,B,10052,278,4065000
4067,M,B,0,100,4066000
4068,C,,3399,0,4067000
4069,L,B,9964,197,4068000
4070,C,,3536,0,4069000
4071,L,B,9988,356,4070000
4072,L,S,10089,349,4071000
4073,L,B,10168,206,4072000
4074,L,S,10033,126,4073000
4075,C,,1305,0,4074000
4076,M,B,0,79,4075000
4077,C,,436,0,4076000
4078,M,S,0,11,4077000
4079,L,S,10047,446,4078000
4080,L,S,9945,104,4079000
4081,M,S,0,40,4080000
4082,M,B,0,41,4081000
4083,L,S,10132,244,4082000
4084,L,B,9961,82,4083000
4085,C,,1475,0,4084000
4086,L,B,10113,467,4085000
4087,L,B,9929,144,4086000
4088,M,S,0,15,4087000
4089,M,B,0,57,4088000
4090,L,B,9976,451,4089000
4091,L,B,10006,353,4090000
4092,C,,3046,0,4091000
4093,C,,1709,0,4092000
4094,L,B,10011,252,4093000
4095,C,,2935,0,4094000
4096,C,,895,0,4095000
4097,C,,756,0,4096000
4098,L,S,9935,57,4097000
4099,C,,1847,0,4098000
4100,C,,2776,0,4099000
4101,L,S,9867,403,4100000
4102,L,S,10003,457,4101000
4103,L,S,9989,187,4102000
4104,C,,1802,0,4103000
4105,L,S,10011,164,4104000
4106,C,,608,0,4105000
4107,L,S,9992,135,4106000
4108,L,B,10107,389,4107000
4109,M,S,0,43,4108000
4110,L,B,10027,475,4109000
4111,L,S,10064,464,4110000
4112,L,B,10007,356,4111000
4113,M,S,0,43,4112000
4114,L,S,10070,363,4113000
4115,L,S,9998,369,4114000
4116,L,B,9995,231,4115000
4117,C,,900,0,4116000
4118,M,S,0,66,4117000
4119,C,,323,0,4118000
4120,M,S,0,14,4119000
4121,L,B,10027,34,4120000
4122,L,S,10024,5,4121000
4123,M,S,0,44,4122000
4124,C,,773,0,4123000
4125,L,S,9870,447,4124000
4126,C,,2848,0,4125000
4127,M,B,0,16,4126000
4128,L,B,10132,96,4127000
4129,L,S,9925,2,4128000
4130,L,S,10026,199,4129000
4131,L,S,10102,244,4130000
4132,M,S,0,64,4131000
4133,L,B,9977,443,4132000
4134,C,,3627,0,4133000
4135,L,B,10097,91,4134000
4136,C,,2369,0,4135000
4137,L,S,10101,360,4136000
4138,M,B,0,42,4137000
4139,M,B,0,51,4138000
4140,L,S,9983,308,4139000
4141,L,S,10010,177,4140000
4142,M,S,0,84,4141000
4143,C,,2289,0,4142000
4144,L,B,10049,32,4143000
4145,L,B,9991,419,4144000
4146,L,S,9908,461,4145000
4147,M,B,0,96,4146000
4148,M,B,0,99,4147000
4149,C,,3069,0,4148000
4150,M,S,0,9,4149000
4151,L,S,9974,416,4150000
4152,L,B,10056,391,4151000
4153,L,S,9999,88,4152000
4154,L,B,9953,239,4153000
4155,C,,2808,0,4154000
4156,C,,3372,0,4155000
4157,L,S,9965,385,4156000
4158,L,S,10010,448,4157000
4159,L,B,10094,205,4158000
4160,L,B,9994,419,4159000
4161,M,B,0,76,4160000
4162,C,,2016,0,4161000
4163,L,B,10035,12,4162000
4164,L,B,10048,425,4163000
4165,C,,2476,0,4164000
4166,L,B,9989,486,4165000
4167,C,,3926,0,4166000
4168,C,,686,0,4167000
4169,L,B,9930,488,4168000
4170,L,B,9989,483,4169000
4171,L,B,10047,252,4170000
4172,L,B,10051,351,4171000
4173,L,S,10078,307,4172000
4174,L,B,9981,443,4173000
4175,L,S,9881,243,4174000
4176,L,B,9961,168,4175000
4177,M,S,0,41,4176000
4178,L,S,10022,244,4177000
4179,M,S,0,74,4178000
4180,M,S,0,17,4179000
4181,C,,2120,0,4180000
4182,M,S,0,32,4181000
4183,L,B,10079,49,4182000
4184,L,B,10009,165,4183000
4185,L,B,9888,491,4184000
4186,M,B,0,50,4185000
4187,M,S,0,36,4186000
4188,M,B,0,100,4187000
4189,L,B,9916,325,4188000
4190,L,B,9938,402,4189000
4191,L,B,9942,161,4190000
4192,L,S,10043,491,4191000
4193,C,,1240,0,4192000
4194,L,B,9915,454,4193000
4195,L,S,9977,217,4194000
4196,M,S,0,39,4195000
4197,L,B,10115,13,4196000
4198,L,S,9944,398,4197000
4199,C,,1457,0,4198000
4200,L,B,10030,81,4199000
4201,L,S,10041,142,4200000
4202,L,S,10033,146,4201000
4203,L,B,10032,445,4202000
4204,L,B,9991,73,4203000
4205,L,S,9911,331,4204000
4206,L,B,9971,314,4205000
4207,M,B,0,37,4206000
4208,L,S,10077,371,4207000
4209,M,B,0,9,4208000
4210,C,,1403,0,4209000
4211,L,S,10019,482,4210000
4212,M,B,0,47,4211000
4213,C,,2925,0,4212000
4214,L,B,10061,32,4213000
4215,L,S,10028,203,4214000
4216,M,S,0,12,4215000
4217,M,B,0,15,4216000
4218,M,S,0,30,4217000
4219,L,S,9980,432,4218000
4220,M,B,0,6,4219000
4221,L,B,9993,79,4220000
4222,C,,1387,0,4221000
4223,L,B,10003,10,4222000
4224,L,B,9901,13,4223000
4225,M,S,0,71,4224000
4226,L,B,10046,252,4225000
4227,L,S,10010,298,4226000
4228,C,,4094,0,4227000
4229,C,,1598,0,4228000
4230,L,B,10093,319,4229000
4231,L,S,10004,262,4230000
4232,L,S,10001,101,4231000
4233,L,B,9949,62,4232000
4234,M,B,0,58,4233000
4235,L,S,9933,95,4234000
4236,L,B,9995,55,4235000
4237,M,S,0,26,4236000
4238,M,S,0,39,4237000
4239,M,S,0,76,4238000
4240,M,B,0,7,4239000
4241,L,B,10099,112,4240000
4242,L,B,9919,111,4241000
4243,M,S,0,27,4242000
4244,L,S,9987,201,4243000
4245,L,B,9928,252,4244000
4246,L,S,10027,481,4245000
4247,L,S,9906,453,4246000
4248,L,B,10009,141,4247000
4249,C,,2681,0,4248000
4250,L,S,10003,493,4249000
4251,L,B,10009,217,4250000
4252,M,B,0,36,4251000
4253,L,B,10042,395,4252000
4254,L,B,10046,478,4253000
4255,C,,1934,0,4254000
4256,L,S,10057,488,4255000
4257,M,B,0,61,4256000
4258,L,B,9989,454,4257000
4259,L,S,9928,139,4258000
4260,L,S,10094,111,4259000
4261,L,S,10039,16,4260000
4262,L,B,9960,7,4261000
4263,L,B,10008,33,4262000
4264,C,,2510,0,4263000
4265,M,S,0,26,4264000
4266,M,B,0,35,4265000
4267,C,,1796,0,4266000
4268,L,B,10096,448,4267000
4269,L,S,10001,287,4268000
4270,C,,3962,0,4269000
4271,M,S,0,96,4270000
4272,L,B,9940,242,4271000
4273,L,B,9958,462,4272000
4274,L,S,10066,178,4273000
4275,L,S,10086,191,4274000
4276,L,B,9968,385,4275000
4277,C,,3425,0,4276000
4278,L,B,10117,309,4277000
4279,L,B,10085,231,4278000
4280,M,S,0,22,4279000
4281,C,,2975,0,4280000
4282,L,S,9957,321,4281000
4283,L,B,9926,436,4282000
4284,M,B,0,27,4283000
4285,M,B,0,54,4284000
4286,C,,4049,0,4285000
4287,L,S,9919,295,4286000
4288,L,S,9980,117,4287000
4289,M,S,0,63,4288000
4290,L,S,9966,409,4289000
4291,L,S,9878,113,4290000
4292,L,S,9983,353,4291000
4293,M,B,0,82,4292000
4294,L,B,9962,367,4293000
4295,L,S,9896,259,4294000
4296,M,B,0,10,4295000
4297,M,B,0,97,4296000
4298,L,S,9971,418,4297000
4299,L,B,9993,152,4298000
4300,L,B,10004,130,4299000
4301,L,B,9975,484,4300000
4302,L,B,9982,199,4301000
4303,L,B,9947,318,4302000
4304,L,B,9986,252,4303000
4305,C,,4042,0,4304000
4306,L,B,9988,359,4305000
4307,L,S,10002,217,4306000
4308,M,S,0,45,4307000
4309,C,,3979,0,4308000
4310,C,,3230,0,4309000
4311,L,B,9886,464,4310000
4312,L,B,10041,426,4311000
4313,M,S,0,59,4312000
4314,L,B,10027,310,4313000
4315,C,,430,0,4314000
4316,L,S,9980,315,4315000
4317,L,B,9930,66,4316000
4318,L,S,10077,36,4317000
4319,L,B,10013,357,4318000
4320,L,S,9896,130,4319000
4321,L,S,9977,252,4320000
4322,L,B,10011,308,4321000
4323,L,B,9985,80,4322000
4324,C,,838,0,4323000
4325,L,B,10115,414,4324000
4326,M,B,0,49,4325000
4327,L,B,10004,175,4326000
4328,C,,4001,0,4327000
4329,L,B,9956,52,4328000
4330,L,B,9861,485,4329000
4331,L,B,9882,221,4330000
4332,L,S,10002,356,4331000
4333,L,S,9985,224,4332000
4334,L,B,10008,34,4333000
4335,L,S,9962,260,4334000
4336,C,,1390,0,4335000
4337,L,B,9935,293,4336000
4338,L,B,9956,286,4337000
4339,L,B,9930,405,4338000
4340,M,S,0,15,4339000
4341,L,B,10021,360,4340000
4342,L,B,10028,262,4341000
4343,M,B,0,86,4342000
4344,L,S,9960,164,4343000
4345,C,,3911,0,4344000
4346,M,B,0,61,4345000
4347,L,B,10115,89,4346000
4348,L,S,9884,75,4347000
4349,M,S,0,19,4348000
4350,C,,759,0,4349000
4351,L,S,9970,38,4350000
4352,L,B,10002,186,4351000
4353,C,,2392,0,4352000
4354,L,S,9873,22,4353000
4355,C,,3349,0,4354000
4356,L,S,10060,311,4355000
4357,M,B,0,17,4356000
4358,L,S,9973,261,4357000
4359,C,,1549,0,4358000
4360,L,S,9974,308,4359000
4361,L,B,10000,44,4360000
4362,M,S,0,99,4361000
4363,L,B,9942,414,4362000
4364,C,,2973,0,4363000
4365,L,S,10046,168,4364000
4366,C,,3853,0,4365000
4367,L,B,10070,356,4366000
4368,L,S,9927,307,4367000
4369,M,S,0,61,4368000
4370,L,S,10081,316,4369000
4371,L,B,9988,138,4370000
4372,C,,2585,0,4371000
4373,L,B,10052,123,4372000
4374,L,B,9974,157,4373000
4375,L,B,9976,307,4374000
4376,L,S,9952,394,4375000
4377,L,S,10032,98,4376000
4378,M,B,0,70,4377000
4379,L,B,9904,237,4378000
4380,L,B,9979,327,4379000
4381,L,S,9866,325,4380000
4382,M,B,0,83,4381000
4383,M,B,0,51,4382000
4384,L,B,9925,75,4383000
4385,L,B,9966,64,4384000
4386,C,,3346,0,4385000
4387,L,B,10139,233,4386000
4388,C,,2494,0,4387000
4389,L,B,9939,137,4388000
4390,L,B,10089,244,4389000
4391,L,B,9990,72,4390000
4392,L,B,10007,434,4391000
4393,L,B,9979,275,4392000
4394,L,S,10090,105,4393000
4395,L,S,9955,31,4394000
4396,L,B,9962,221,4395000
4397,L,B,9963,310,4396000
4398,L,B,9880,78,4397000
4399,L,S,9959,391,4398000
4400,L,S,10020,316,4399000
4401,L,B,9960,293,4400000
4402,M,S,0,35,4401000
4403,M,B,0,32,4402000
4404,M,B,0,59,4403000
4405,L,S,10046,2,4404000
4406,L,B,9974,297,4405000
4407,C,,3302,0,4406000
4408,L,B,10039,228,4407000
4409,L,S,9945,197,4408000
4410,C,,3254,0,4409000
4411,L,S,10027,224,4410000
4412,M,S,0,42,4411000
4413,L,S,10095,199,4412000
4414,M,S,0,48,4413000
4415,L,B,10052,87,4414000
4416,M,B,0,41,4415000
4417,L,B,9914,367,4416000
4418,L,B,9940,13,4417000
4419,M,S,0,83,4418000
4420,M,B,0,3,4419000
4421,L,B,9956,196,4420000
4422,L,B,9935,224,4421000
4423,L,B,10023,188,4422000
4424,C,,2374,0,4423000
4425,L,B,10058,307,4424000
4426,L,B,9924,19,4425000
4427,C,,3137,0,4426000
4428,L,B,9990,316,4427000
4429,M,B,0,11,4428000
4430,L,B,9963,77,4429000
4431,L,S,9974,118,4430000
4432,L,B,10145,35,4431000
4433,L,B,10092,402,4432000
4434,C,,1698,0,4433000
4435,L,B,10031,217,4434000
4436,C,,2200,0,4435000
4437,L,S,9979,396,4436000
4438,L,S,9984,92,4437000
4439,L,S,9940,92,4438000
4440,L,S,9979,126,4439000
4441,M,B,0,22,4440000
4442,M,S,0,3,4441000
4443,L,S,9969,241,4442000
4444,L,B,10024,442,4443000
4445,L,B,10015,233,4444000
4446,L,B,9928,128,4445000
4447,L,S,10183,70,4446000
4448,L,B,10049,410,4447000
4449,L,S,9899,456,4448000
4450,L,S,9967,483,4449000
4451,L,S,9888,208,4450000
4452,M,S,0,53,4451000
4453,L,S,9941,65,4452000
4454,M,B,0,77,4453000
4455,C,,2666,0,4454000
4456,L,S,9959,13,4455000
4457,L,B,10037,9,4456000
4458,L,S,10000,303,4457000
4459,M,S,0,84,4458000
4460,M,B,0,19,4459000
4461,L,B,9928,225,4460000
4462,L,B,9986,105,4461000
4463,L,B,9938,27,4462000
4464,L,B,9981,192,4463000
4465,L,B,9977,198,4464000
4466,C,,3631,0,4465000
4467,L,B,10036,21,4466000
4468,C,,3930,0,4467000
4469,L,B,9924,159,4468000
4470,C,,1621,0,4469000
4471,L,B,9997,31,4470000
4472,L,B,9915,267,4471000
4473,L,B,9954,178,4472000
4474,L,B,10079,27,4473000
4475,M,S,0,57,4474000
4476,M,B,0,66,4475000
4477,L,S,9989,35,4476000
4478,C,,1523,0,4477000
4479,C,,3250,0,4478000
4480,L,S,9915,375,4479000
4481,M,B,0,19,4480000
4482,M,B,0,79,4481000
4483,L,B,10054,489,4482000
4484,L,B,10014,100,4483000
4485,L,S,10048,131,4484000
4486,C,,1999,0,4485000
4487,L,B,10068,440,4486000
4488,L,S,10010,469,4487000
4489,C,,4047,0,4488000
4490,L,S,9955,416,4489000
4491,C,,3197,0,4490000
4492,C,,2370,0,4491000
4493,L,S,10089,324,4492000
4494,M,S,0,86,4493000
4495,M,S,0,67,4494000
4496,M,S,0,100,4495000
4497,C,,2131,0,4496000
4498,M,B,0,35,4497000
4499,L,S,9937,256,4498000
4500,C,,3452,0,4499000
4501,L,S,10016,422,4500000
4502,L,B,9952,402,4501000
4503,L,S,9963,51,4502000
4504,M,S,0,53,4503000
4505,M,B,0,43,4504000
4506,L,B,10008,320,4505000
4507,L,S,10052,456,4506000
4508,L,B,10023,222,4507000
4509,L,B,10154,61,4508000
4510,L,B,10030,252,4509000
4511,C,,3394,0,4510000
4512,L,B,10032,313,4511000
4513,M,B,0,77,4512000
4514,L,B,9956,43,4513000
4515,L,B,9998,220,4514000
4516,L,B,9963,497,4515000
4517,M,S,0,20,4516000
4518,C,,60,0,4517000
4519,L,B,9967,348,4518000
4520,M,S,0,46,4519000
4521,M,B,0,22,4520000
4522,C,,2909,0,4521000
4523,L,S,10124,43,4522000
4524,C,,9,0,4523000
4525,M,B,0,22,4524000
4526,C,,4039,0,4525000
4527,L,S,9940,426,4526000
4528,L,B,9946,237,4527000
4529,L,B,9936,50,4528000
4530,L,B,9919,146,4529000
4531,L,S,9948,415,4530000
4532,L,S,9912,157,4531000
4533,L,S,9902,121,4532000
4534,M,S,0,86,4533000
4535,L,B,10070,77,4534000
4536,M,B,0,8,4535000
4537,L,B,10056,77,4536000
4538,M,B,0,43,4537000
4539,M,S,0,92,4538000
4540,L,B,10045,477,4539000
4541,L,S,9916,480,4540000
4542,M,S,0,84,4541000
4543,L,B,9972,99,4542000
4544,L,B,10065,200,4543000
4545,L,B,9899,338,4544000
4546,C,,2862,0,4545000
4547,L,S,9997,338,4546000
4548,L,S,9896,291,4547000
4549,C,,1780,0,4548000
4550,L,S,10066,250,4549000
4551,C,,2952,0,4550000
4552,L,S,9981,123,4551000
4553,L,B,9993,93,4552000
4554,L,S,10044,324,4553000
4555,L,B,9955,54,4554000
4556,L,S,9961,257,4555000
4557,L,B,9945,381,4556000
4558,L,S,9881,456,4557000
4559,L,S,10039,395,4558000
4560,C,,487,0,4559000
4561,L,S,9981,281,4560000
4562,L,S,9948,10,4561000
4563,L,S,10014,406,4562000
4564,L,S,9936,453,4563000
4565,L,B,10036,162,4564000
4566,M,B,0,34,4565000
4567,L,S,10046,464,4566000
4568,L,B,10011,3,4567000
4569,L,B,10069,204,4568000
4570,L,B,9979,39,4569000
4571,M,B,0,70,4570000
4572,C,,261,0,4571000
4573,L,S,10026,157,4572000
4574,M,S,0,64,4573000
4575,C,,2033,0,4574000
4576,L,S,9909,400,4575000
4577,L,B,10085,169,4576000
4578,L,S,9995,8,4577000
4579,M,B,0,83,4578000
4580,L,B,10125,375,4579000
4581,L,S,10090,344,4580000
4582,L,B,9904,186,4581000
4583,L,S,10048,159,4582000
4584,C,,4444,0,4583000
4585,L,B,10018,480,4584000
4586,L,B,10028,399,4585000
4587,M,S,0,35,4586000
4588,C,,1191,0,4587000
4589,M,B,0,65,4588000
4590,M,S,0,60,4589000
4591,L,B,9912,183,4590000
4592,M,B,0,50,4591000
4593,M,S,0,33,4592000
4594,M,S,0,80,4593000
4595,M,S,0,12,4594000
4596,C,,1605,0,4595000
4597,L,B,9923,418,4596000
4598,M,B,0,97,4597000
4599,L,B,10071,222,4598000
4600,L,S,9906,416,4599000
4601,L,B,9945,301,4600000
4602,M,B,0,96,4601000
4603,L,S,9948,468,4602000
4604,M,S,0,59,4603000
4605,L,S,10006,232,4604000
4606,L,S,10018,9,4605000
4607,C,,3231,0,4606000
4608,L,B,10092,442,4607000
4609,L,B,9850,50,4608000
4610,L,S,10026,254,4609000
4611,L,S,10024,390,4610000
4612,L,S,10123,163,4611000
4613,L,S,10025,218,4612000
4614,L,S,10053,494,4613000
4615,C,,2389,0,4614000
4616,M,S,0,36,4615000
4617,L,B,10019,39,4616000
4618,C,,3161,0,4617000
4619,L,B,9996,146,4618000
4620,L,S,10013,446,4619000
4621,L,S,9976,59,4620000
4622,L,B,9983,171,4621000
4623,L,B,9922,41,4622000
4624,L,B,9960,431,4623000
4625,M,S,0,11,4624000
4626,M,S,0,74,4625000
4627,C,,4435,0,4626000
4628,L,S,9959,386,4627000
4629,C,,2793,0,4628000
4630,C,,3588,0,4629000
4631,L,B,10135,380,4630000
4632,L,B,10084,55,4631000
4633,C,,516,0,4632000
4634,L,B,9973,278,4633000
4635,L,B,10131,127,4634000
4636,L,B,9948,333,4635000
4637,C,,1108,0,4636000
4638,L,B,10020,87,4637000
4639,M,S,0,88,4638000
4640,L,S,10102,3,4639000
4641,M,S,0,74,4640000
4642,M,S,0,25,4641000
4643,L,B,9917,199,4642000
4644,L,S,10039,177,4643000
4645,L,S,9926,138,4644000
4646,L,S,10046,64,4645000
4647,M,B,0,78,4646000
4648,L,S,9964,130,4647000
4649,M,S,0,83,4648000
4650,L,S,10024,128,4649000
4651,L,B,10110,375,4650000
4652,L,B,9999,495,4651000
4653,L,S,9914,368,4652000
4654,L,S,9957,212,4653000
4655,L,B,10065,403,4654000
4656,L,B,10084,211,4655000
4657,L,S,9985,440,4656000
4658,L,B,10097,181,4657000
4659,L,S,10046,251,4658000
4660,C,,3697,0,4659000
4661,L,B,9984,238,4660000
4662,L,S,10055,269,4661000
4663,L,B,9905,452,4662000
4664,L,B,10050,243,4663000
4665,M,S,0,76,4664000
4666,L,B,10102,115,4665000
4667,L,S,9988,200,4666000
4668,L,B,10074,225,4667000
4669,C,,282,0,4668000
4670,M,S,0,50,4669000
4671,L,S,9845,57,4670000
4672,L,B,9991,131,4671000
4673,M,B,0,85,4672000
4674,L,B,9981,491,4673000
4675,C,,2276,0,4674000
4676,C,,2348,0,4675000
4677,M,S,0,86,4676000
4678,C,,4640,0,4677000
4679,M,S,0,24,4678000
4680,L,S,10013,2,4679000
4681,L,B,10013,215,4680000
4682,L,B,9887,100,4681000
4683,L,S,9988,357,4682000
4684,M,S,0,81,4683000
4685,L,S,9932,309,4684000
4686,L,B,9933,456,4685000
4687,L,B,10063,173,4686000
4688,L,S,9924,221,4687000
4689,C,,266,0,4688000
4690,M,B,0,18,4689000
4691,L,S,9985,105,4690000
4692,L,S,9998,500,4691000
4693,L,S,9970,114,4692000
4694,M,B,0,13,4693000
4695,L,B,9972,144,4694000
4696,L,S,9983,458,4695000
4697,L,B,10002,413,4696000
4698,L,S,10033,383,4697000
4699,L,S,10097,278,4698000
4700,L,S,10027,374,4699000
4701,L,S,10019,211,4700000
4702,C,,1070,0,4701000
4703,L,S,9958,474,4702000
4704,L,B,9949,386,4703000
4705,L,S,9854,14,4704000
4706,M,S,0,74,4705000
4707,L,B,10018,378,4706000
4708,L,B,10034,424,4707000
4709,L,B,9905,116,4708000
4710,L,B,10023,372,4709000
4711,C,,1972,0,4710000
4712,L,S,10008,222,4711000
4713,L,B,9874,462,4712000
4714,L,B,10008,90,4713000
4715,M,S,0,14,4714000
4716,L,B,10015,38,4715000
4717,L,B,10015,137,4716000
4718,M,S,0,87,4717000
4719,L,S,10120,303,4718000
4720,C,,4710,0,4719000
4721,C,,3810,0,4720000
4722,L,S,9916,489,4721000
4723,L,B,9983,429,4722000
4724,M,B,0,34,4723000
4725,L,S,10037,101,4724000
4726,L,B,9880,275,4725000
4727,L,B,9897,65,4726000
4728,C,,2188,0,4727000
4729,M,S,0,15,4728000
4730,L,B,9942,333,4729000
4731,L,S,10053,276,4730000
4732,C,,1316,0,4731000
4733,L,B,10060,440,4732000
4734,L,S,10004,174,4733000
4735,L,B,10084,134,4734000
4736,L,B,10030,436,4735000
4737,M,B,0,29,4736000
4738,M,B,0,19,4737000
4739,L,B,10063,370,4738000
4740,L,B,10004,349,4739000
4741,L,S,9927,16,4740000
4742,L,B,10097,13,4741000
4743,C,,402,0,4742000
4744,L,B,10016,381,4743000
4745,M,S,0,11,4744000
4746,M,B,0,13,4745000
4747,L,S,9987,323,4746000
4748,M,S,0,93,4747000
4749,L,B,9982,195,4748000
4750,M,S,0,65,4749000
4751,L,S,9999,417,4750000
4752,L,S,10028,277,4751000
4753,L,B,10022,90,4752000
4754,M,B,0,80,4753000
4755,M,B,0,61,4754000
4756,L,B,9986,14,4755000
4757,L,B,9928,194,4756000
4758,L,B,9882,186,4757000
4759,M,B,0,20,4758000
4760,L,S,10003,138,4759000
4761,L,S,10037,190,4760000
4762,M,B,0,22,4761000
4763,M,B,0,6,4762000
4764,L,B,9934,124,4763000
4765,L,S,10012,286,4764000
4766,L,B,10114,399,4765000
4767,L,S,10000,474,4766000
4768,L,B,10111,476,4767000
4769,L,B,10044,428,4768000
4770,L,S,10094,134,4769000
4771,L,B,9945,439,4770000
4772,L,S,9865,128,4771000
4773,L,B,10022,392,4772000
4774,L,S,9960,345,4773000
4775,L,S,10029,317,4774000
4776,M,S,0,67,4775000
4777,L,S,9992,82,4776000
4778,L,S,9933,388,4777000
4779,M,B,0,93,4778000
4780,M,B,0,14,4779000
4781,L,S,10117,421,4780000
4782,L,S,10066,324,4781000
4783,L,B,10000,444,4782000
4784,C,,1821,0,4783000
4785,L,B,9888,346,4784000
4786,L,S,10016,444,4785000
4787,C,,337,0,4786000
4788,M,B,0,40,4787000
4789,L,B,10040,149,4788000
4790,L,S,9855,12,4789000
4791,M,S,0,48,4790000
4792,L,S,9972,266,4791000
4793,L,S,9913,239,4792000
4794,L,S,10155,345,4793000
4795,M,B,0,88,4794000
4796,L,S,9989,111,4795000
4797,L,S,10043,182,4796000
4798,L,S,9882,63,4797000
4799,L,B,9929,73,4798000
4800,M,B,0,92,4799000
4801,L,S,9979,279,4800000
4802,L,S,9885,124,4801000
4803,L,S,10014,208,4802000
4804,L,S,10044,21,4803000
4805,C,,453,0,4804000
4806,M,S,0,97,4805000
4807,L,S,10003,200,4806000
4808,L,S,9941,440,4807000
4809,L,S,10092,6,4808000
4810,C,,2020,0,4809000
4811,M,S,0,4,4810000
4812,L,B,9894,213,4811000
4813,L,B,9876,126,4812000
4814,M,B,0,82,4813000
4815,M,B,0,37,4814000
4816,M,S,0,93,4815000
4817,C,,83,0,4816000
4818,C,,2074,0,4817000
4819,L,S,9914,178,4818000
4820,L,B,9991,64,4819000
4821,C,,4662,0,4820000
4822,L,S,10023,116,4821000
4823,L,S,9992,72,4822000
4824,M,B,0,22,4823000
4825,M,B,0,28,4824000
4826,L,S,10012,38,4825000
4827,L,B,9987,131,4826000
4828,C,,2693,0,4827000
4829,L,S,10022,482,4828000
4830,M,S,0,81,4829000
4831,L,S,10012,220,4830000
4832,L,S,10155,24,4831000
4833,L,B,9999,434,4832000
4834,L,B,9930,99,4833000
4835,C,,676,0,4834000
4836,L,B,9893,46,4835000
4837,M,S,0,50,4836000
4838,L,B,10087,165,4837000
4839,C,,2064,0,4838000
4840,L,B,10027,183,4839000
4841,L,B,10139,282,4840000
4842,L,S,9872,218,4841000
4843,M,S,0,19,4842000
4844,L,S,10011,426,4843000
4845,L,S,10048,459,4844000
4846,L,S,10012,230,4845000
4847,M,B,0,31,4846000
4848,L,S,9866,70,4847000
4849,L,B,9957,331,4848000
4850,L,S,10093,232,4849000
4851,M,B,0,7,4850000
4852,L,S,10032,298,4851000
4853,M,S,0,37,4852000
4854,L,S,9984,131,4853000
4855,L,B,9929,388,4854000
4856,L,S,10065,320,4855000
4857,L,B,9976,400,4856000
4858,M,S,0,83,4857000
4859,L,S,9988,438,4858000
4860,L,S,9901,152,4859000
4861,L,S,9917,292,4860000
4862,L,B,9955,53,4861000
4863,L,S,10065,406,4862000
4864,C,,1907,0,4863000
4865,C,,1872,0,4864000
4866,L,S,9944,414,4865000
4867,M,B,0,19,4866000
4868,M,B,0,73,4867000
4869,L,S,9914,286,4868000
4870,L,B,10056,61,4869000
4871,L,B,10074,90,4870000
4872,M,B,0,93,4871000
4873,L,S,9940,167,4872000
4874,M,S,0,47,4873000
4875,M,S,0,67,4874000
4876,L,S,10005,146,4875000
4877,M,S,0,53,4876000
4878,C,,1255,0,4877000
4879,C,,4617,0,4878000
4880,L,B,9874,282,4879000
4881,M,S,0,52,4880000
4882,L,B,9969,137,4881000
4883,L,S,9937,294,4882000
4884,L,B,10112,8,4883000
4885,L,S,10055,51,4884000
4886,M,S,0,19,4885000
4887,M,S,0,41,4886000
4888,L,S,10000,99,4887000
4889,M,B,0,20,4888000
4890,L,S,9950,160,4889000
4891,M,B,0,6,4890000
4892,C,,1646,0,4891000
4893,L,B,10130,223,4892000
4894,L,S,10005,200,4893000
4895,L,B,10056,258,4894000
4896,L,B,9903,99,4895000
4897,M,B,0,4,4896000
4898,L,B,9910,143,4897000
4899,L,S,9985,38,4898000
4900,C,,2906,0,4899000
4901,L,B,10041,101,4900000
4902,C,,3772,0,4901000
4903,L,S,10084,26,4902000
4904,M,B,0,36,4903000
4905,L,S,9917,201,4904000
4906,L,S,10032,230,4905000
4907,C,,3515,0,4906000
4908,M,B,0,17,4907000
4909,L,B,9973,447,4908000
4910,L,S,9990,243,4909000
4911,C,,593,0,4910000
4912,C,,4620,0,4911000
4913,M,S,0,99,4912000
4914,M,B,0,68,4913000
4915,M,B,0,25,4914000
4916,L,B,10030,477,4915000
4917,L,S,10018,88,4916000
4918,L,S,9940,475,4917000
4919,L,B,10043,435,4918000
4920,C,,1653,0,4919000
4921,M,B,0,21,4920000
4922,L,B,10000,263,4921000
4923,C,,2882,0,4922000
4924,L,B,9951,294,4923000
4925,C,,3324,0,4924000
4926,L,B,10088,152,4925000
4927,L,S,10044,372,4926000
4928,C,,4709,0,4927000
4929,L,B,9937,499,4928000
4930,M,B,0,37,4929000
4931,C,,2277,0,4930000
4932,L,S,10048,426,4931000
4933,L,B,10028,238,4932000
4934,M,B,0,66,4933000
4935,L,B,10023,8,4934000
4936,M,S,0,63,4935000
4937,C,,4775,0,4936000
4938,L,B,9965,477,4937000
4939,C,,1708,0,4938000
4940,L,B,9963,425,4939000
4941,L,S,9962,219,4940000
4942,C,,2242,0,4941000
4943,C,,4451,0,4942000
4944,L,B,9970,264,4943000
4945,L,S,9994,118,4944000
4946,L,B,10014,379,4945000
4947,L,S,9910,220,4946000
4948,L,S,9944,61,4947000
4949,L,S,9872,121,4948000
4950,C,,4321,0,4949000
4951,M,B,0,2,4950000
4952,L,B,10090,277,4951000
4953,L,S,10022,179,4952000
4954,L,B,10041,202,4953000
4955,M,S,0,2,4954000
4956,M,S,0,58,4955000
4957,C,,2488,0,4956000
4958,L,B,10086,480,4957000
4959,L,S,10042,72,4958000
4960,L,B,9914,21,4959000
4961,L,S,10024,350,4960000
4962,L,B,9958,280,4961000
4963,C,,1599,0,4962000
4964,L,S,9966,436,4963000
4965,L,B,9915,340,4964000
4966,M,B,0,93,4965000
4967,L,S,9934,260,4966000
4968,C,,1370,0,4967000
4969,L,S,10051,284,4968000
4970,L,S,9925,146,4969000
4971,L,S,9830,385,4970000
4972,C,,3781,0,4971000
4973,L,S,9992,121,4972000
4974,C,,3521,0,4973000
4975,L,B,9828,96,4974000
4976,L,S,9957,141,4975000
4977,L,B,9920,340,4976000
4978,C,,4175,0,4977000
4979,L,B,9931,278,4978000
4980,L,S,10068,368,4979000
4981,M,S,0,17,4980000
4982,L,S,9960,253,4981000
4983,C,,493,0,4982000
4984,M,S,0,88,4983000
4985,L,B,10036,122,4984000
4986,L,S,10086,453,4985000
4987,L,S,9863,196,4986000
4988,M,B,0,59,4987000
4989,L,B,10165,64,4988000
4990,L,S,10049,437,4989000
4991,L,B,10098,479,4990000
4992,L,B,9972,424,4991000
4993,M,B,0,82,4992000
4994,L,S,10022,350,4993000
4995,L,S,9992,444,4994000
4996,L,S,10065,280,4995000
4997,C,,4693,0,4996000
4998,C,,3057,0,4997000
4999,L,B,9941,96,4998000
5000,L,B,9865,478,4999000
5001,L,S,9978,295,5000000
5002,L,S,10033,114,5001000
5003,C,,2168,0,5002000
5004,L,S,9988,441,5003000
5005,C,,4248,0,5004000
5006,L,S,9972,190,5005000
5007,L,S,9949,198,5006000
5008,C,,4606,0,5007000
5009,L,S,10003,388,5008000
5010,L,S,10021,100,5009000
5011,L,S,9958,450,5010000
5012,M,S,0,74,5011000
5013,L,S,10077,85,5012000
5014,L,S,9954,361,5013000
5015,L,B,10007,187,5014000
5016,L,B,9973,167,5015000
5017,L,B,10020,111,5016000
5018,M,B,0,28,5017000
5019,M,B,0,68,5018000
5020,L,S,9961,230,5019000
5021,C,,577,0,5020000
5022,L,S,10036,443,5021000
5023,L,B,9989,487,5022000
5024,M,B,0,100,5023000
5025,L,B,9879,63,5024000
5026,M,S,0,72,5025000
5027,L,S,9893,68,5026000
5028,M,B,0,47,5027000
5029,L,S,9871,179,5028000
5030,L,S,9978,479,5029000
5031,L,S,10025,30,5030000
5032,C,,4770,0,5031000
5033,L,S,9935,231,5032000
5034,L,B,10023,362,5033000
5035,L,B,9973,380,5034000
5036,C,,2613,0,5035000
5037,L,B,9854,408,5036000
5038,C,,4977,0,5037000
5039,L,S,9910,156,5038000
5040,C,,1273,0,5039000
5041,C,,3702,0,5040000
5042,C,,362,0,5041000
5043,L,S,10014,411,5042000
5044,L,S,9987,301,5043000
5045,L,B,10034,450,5044000
5046,M,S,0,15,5045000
5047,M,S,0,9,5046000
5048,L,B,9991,247,5047000
5049,L,B,9944,94,5048000
5050,M,B,0,37,5049000
5051,C,,4387,0,5050000
5052,L,B,9938,318,5051000
5053,C,,4160,0,5052000
5054,L,S,9943,217,5053000
5055,L,S,9855,226,5054000
5056,M,B,0,53,5055000
5057,L,B,9947,379,5056000
5058,M,S,0,37,5057000
5059,L,S,10059,270,5058000
5060,L,S,9969,55,5059000
5061,M,B,0,9,5060000
5062,L,S,9884,450,5061000
5063,M,B,0,40,5062000
5064,L,B,9990,267,5063000
5065,L,B,9862,82,5064000
5066,L,S,9954,393,5065000
5067,L,S,10067,45,5066000
5068,M,B,0,24,5067000
5069,C,,4079,0,5068000
5070,L,B,10084,137,5069000
5071,L,B,9986,442,5070000
5072,L,B,10018,419,5071000
5073,M,S,0,59,5072000
5074,L,S,10022,124,5073000
5075,M,B,0,71,5074000
5076,C,,3787,0,5075000
5077,C,,3995,0,5076000
5078,L,B,10015,368,5077000
5079,M,S,0,84,5078000
5080,L,B,10070,429,5079000
5081,C,,2974,0,5080000
5082,L,B,10140,110,5081000
5083,M,S,0,13,5082000
5084,M,S,0,85,5083000
5085,C,,858,0,5084000
5086,L,B,9960,282,5085000
5087,L,S,9972,494,5086000
5088,L,S,10056,458,5087000
5089,L,B,10048,63,5088000
5090,L,S,9981,378,5089000
5091,M,B,0,21,5090000
5092,M,B,0,3,5091000
5093,L,B,9998,397,5092000
5094,L,S,10121,60,5093000
5095,L,B,10059,225,5094000
5096,L,S,9883,226,5095000
5097,L,B,10003,240,5096000
5098,M,S,0,93,5097000
5099,L,B,10143,459,5098000
5100,M,B,0,72,5099000
5101,C,,4360,0,5100000
5102,L,B,10042,51,5101000
5103,L,B,9897,374,5102000
5104,M,S,0,71,5103000
5105,L,B,10108,251,5104000
5106,L,S,10031,454,5105000
5107,L,S,10046,351,5106000
5108,L,S,9946,361,5107000
5109,C,,4330,0,5108000
5110,L,B,9853,409,5109000
5111,M,S,0,99,5110000
5112,L,B,9967,155,5111000
5113,L,B,10075,407,5112000
5114,L,B,10042,35,5113000
5115,L,S,10129,293,5114000
5116,C,,1028,0,5115000
5117,L,B,9962,296,5116000
5118,L,S,10103,340,5117000
5119,L,B,9961,245,5118000
5120,L,S,9978,422,5119000
5121,L,B,9999,213,5120000
5122,C,,931,0,5121000
5123,L,S,10145,75,5122000
5124,L,S,10096,375,5123000
5125,L,B,10074,359,5124000
5126,C,,3596,0,5125000
5127,L,S,10068,28,5126000
5128,L,S,9985,196,5127000
5129,L,B,9971,93,5128000
5130,L,S,10035,176,5129000
5131,M,S,0,98,5130000
5132,L,B,10007,474,5131000
5133,L,S,10084,221,5132000
5134,L,B,10020,7,5133000
5135,M,B,0,86,5134000
5136,M,S,0,14,5135000
5137,L,S,10012,12,5136000
5138,M,S,0,81,5137000
5139,L,S,10025,441,5138000
5140,L,S,10037,147,5139000
5141,L,B,9996,422,5140000
5142,L,S,9884,370,5141000
5143,L,S,10129,415,5142000
5144,M,S,0,28,5143000
5145,M,S,0,45,5144000
5146,L,S,9988,50,5145000
5147,L,B,10000,73,5146000
5148,L,B,9963,188,5147000
5149,L,S,10045,67,5148000
5150,L,B,10130,399,5149000
5151,L,B,9950,247,5150000
5152,C,,3678,0,5151000
5153,L,S,9916,143,5152000
5154,L,S,10011,32,5153000
5155,L,S,10060,303,5154000
5156,L,B,10035,65,5155000
5157,C,,4446,0,5156000
5158,M,S,0,44,5157000
5159,L,S,10074,324,5158000
5160,L,B,10114,364,5159000
5161,C,,433,0,5160000
5162,L,B,9892,208,5161000
5163,C,,4680,0,5162000
5164,C,,3887,0,5163000
5165,L,S,9903,158,5164000
5166,L,B,9903,179,5165000
5167,L,B,9938,89,5166000
5168,C,,2420,0,5167000
5169,L,B,10026,223,5168000
5170,L,B,9957,31,5169000
5171,M,S,0,66,5170000
5172,L,B,10037,212,5171000
5173,L,B,9898,205,5172000
5174,L,S,9931,22,5173000
5175,L,S,10004,416,5174000
5176,M,B,0,14,5175000
5177,L,B,9966,361,5176000
5178,L,B,9823,261,5177000
5179,L,B,10001,118,5178000
5180,L,S,10074,417,5179000
5181,C,,3244,0,5180000
5182,C,,2591,0,5181000
5183,L,B,9974,101,5182000
5184,L,S,10019,94,5183000
5185,L,S,9968,361,5184000
5186,L,B,9936,16,5185000
5187,L,S,9864,412,5186000
5188,C,,1990,0,5187000
5189,L,B,10200,415,5188000
5190,C,,3802,0,5189000
5191,C,,3790,0,5190000
5192,C,,3788,0,5191000
5193,M,B,0,75,5192000
5194,L,B,10084,10,5193000
5195,L,S,10099,207,5194000
5196,L,B,10091,13,5195000
5197,M,S,0,7,5196000
5198,L,B,9980,240,5197000
5199,L,B,10096,300,5198000
5200,L,S,10011,283,5199000
5201,L,S,10006,324,5200000
5202,M,S,0,41,5201000
5203,L,S,9869,34,5202000
5204,L,B,9997,20,5203000
5205,M,B,0,77,5204000
5206,M,S,0,51,5205000
5207,M,S,0,64,5206000
5208,L,S,10091,102,5207000
5209,L,B,10050,309,5208000
5210,L,B,10047,211,5209000
5211,C,,1100,0,5210000
5212,L,B,10073,293,5211000
5213,L,B,9978,90,5212000
5214,M,B,0,27,5213000
5215,M,S,0,86,5214000
5216,L,B,9971,313,5215000
5217,L,B,9987,365,5216000
5218,M,B,0,56,5217000
5219,M,S,0,18,5218000
5220,L,B,9878,277,5219000
5221,M,B,0,53,5220000
5222,L,B,9988,341,5221000
5223,M,S,0,85,5222000
5224,L,B,10142,484,5223000
5225,C,,948,0,5224000
5226,L,S,9935,385,5225000
5227,L,S,9800,300,5226000
5228,L,B,9995,58,5227000
5229,L,B,10125,258,5228000
5230,L,S,10017,476,5229000
5231,M,B,0,10,5230000
5232,C,,3538,0,5231000
5233,C,,2815,0,5232000
5234,L,B,10117,453,5233000
5235,L,S,10110,475,5234000
5236,L,S,10063,478,5235000
5237,L,B,9989,416,5236000
5238,L,S,9949,342,5237000
5239,L,S,10028,432,5238000
5240,L,S,9980,392,5239000
5241,L,B,10064,81,5240000
5242,L,B,10021,85,5241000
5243,L,B,9952,463,5242000
5244,L,B,10001,344,5243000
5245,C,,4102,0,5244000
5246,M,B,0,6,5245000
5247,L,B,9913,61,5246000
5248,L,S,10017,182,5247000
5249,L,B,9933,283,5248000
5250,L,B,9970,354,5249000
5251,L,B,10137,371,5250000
5252,L,B,10079,440,5251000
5253,M,S,0,51,5252000
5254,L,S,9964,454,5253000
5255,L,B,9920,193,5254000
5256,L,B,9903,136,5255000
5257,C,,3735,0,5256000
5258,L,B,9991,6,5257000
5259,L,B,10022,198,5258000
5260,L,S,9931,423,5259000
5261,L,B,10088,280,5260000
5262,L,S,9895,114,5261000
5263,L,B,9948,357,5262000
5264,L,S,10026,133,5263000
5265,L,B,9976,386,5264000
5266,L,S,10012,427,5265000
5267,L,B,10005,110,5266000
5268,C,,1233,0,5267000
5269,L,S,9991,387,5268000
5270,C,,5198,0,5269000
5271,M,S,0,27,5270000
5272,M,B,0,28,5271000
5273,L,B,9939,1,5272000
5274,L,S,10049,285,5273000
5275,L,B,10013,400,5274000
5276,M,B,0,22,5275000
5277,L,S,10000,135,5276000
5278,L,B,9923,163,5277000
5279,M,S,0,90,5278000
5280,L,B,9939,33,5279000
5281,L,S,9973,460,5280000
5282,C,,772,0,5281000
5283,M,B,0,34,5282000
5284,L,S,9982,278,5283000
5285,C,,80,0,5284000
5286,C,,3988,0,5285000
5287,M,B,0,35,5286000
5288,L,B,9995,265,5287000
5289,M,B,0,29,5288000
5290,M,S,0,51,5289000
5291,L,S,9912,276,5290000
5292,L,S,9974,358,5291000
5293,C,,3518,0,5292000
5294,M,S,0,40,5293000
5295,C,,3413,0,5294000
5296,L,S,10039,302,5295000
5297,L,B,9956,338,5296000
5298,L,B,10059,93,5297000
5299,L,S,10067,245,5298000
5300,C,,2382,0,5299000
5301,M,B,0,89,5300000
5302,L,B,9932,373,5301000
5303,L,S,10011,276,5302000
5304,M,S,0,51,5303000
5305,L,B,9912,65,5304000
5306,L,S,10055,168,5305000
5307,L,B,9979,305,5306000
5308,M,S,0,18,5307000
5309,L,S,10001,129,5308000
5310,L,B,9954,443,5309000
5311,L,S,10045,442,5310000
5312,L,B,9979,405,5311000
5313,L,B,10000,420,5312000
5314,M,B,0,55,5313000
5315,C,,4208,0,5314000
5316,M,B,0,4,5315000
5317,L,S,9979,114,5316000
5318,L,S,10054,312,5317000
5319,L,B,10039,410,5318000
5320,L,B,9950,67,5319000
5321,C,,1860,0,5320000
5322,M,B,0,38,5321000
5323,L,B,9955,118,5322000
5324,C,,160,0,5323000
5325,M,S,0,21,5324000
5326,C,,1293,0,5325000
5327,L,B,10078,494,5326000
5328,M,B,0,62,5327000
5329,M,B,0,52,5328000
5330,L,B,10014,41,5329000
5331,L,S,10006,52,5330000
5332,L,S,10073,129,5331000
5333,L,S,9902,199,5332000
5334,C,,121,0,5333000
5335,M,S,0,2,5334000
5336,L,S,10075,254,5335000
5337,C,,1385,0,5336000
5338,L,B,9992,296,5337000
5339,L,S,9891,7,5338000
5340,C,,2599,0,5339000
5341,L,S,10040,210,5340000
5342,M,S,0,82,5341000
5343,M,B,0,94,5342000
5344,L,B,10014,377,5343000
5345,M,B,0,30,5344000
5346,L,S,10048,374,5345000
5347,L,S,10080,499,5346000
5348,M,B,0,34,5347000
5349,C,,1786,0,5348000
5350,L,B,10025,286,5349000
5351,M,B,0,42,5350000
5352,C,,3286,0,5351000
5353,M,S,0,35,5352000
5354,L,S,9949,189,5353000
5355,L,B,10024,379,5354000
5356,L,B,10023,484,5355000
5357,L,S,9978,230,5356000
5358,L,S,10010,252,5357000
5359,M,S,0,11,5358000
5360,L,S,9893,204,5359000
5361,M,B,0,38,5360000
5362,L,S,10020,99,5361000
5363,C,,4663,0,5362000
5364,L,S,10035,420,5363000
5365,L,B,9979,32,5364000
5366,M,B,0,50,5365000
5367,C,,538,0,5366000
5368,L,S,9906,100,5367000
5369,L,S,10012,369,5368000
5370,L,S,9954,137,5369000
5371,L,B,10079,7,5370000
5372,L,S,9888,359,5371000
5373,M,S,0,66,5372000
5374,L,S,9927,264,5373000
5375,C,,3730,0,5374000
5376,L,B,10028,131,5375000
5377,L,S,9968,28,5376000
5378,M,B,0,69,5377000
5379,C,,789,0,5378000
5380,L,S,10040,231,5379000
5381,M,S,0,2,5380000
5382,L,S,10090,165,5381000
5383,L,S,9943,76,5382000
5384,L,S,9949,276,5383000
5385,M,S,0,73,5384000
5386,L,S,9996,271,5385000
5387,L,B,10077,32,5386000
5388,L,S,9934,247,5387000
5389,L,B,9948,231,5388000
5390,M,B,0,30,5389000
5391,L,B,10006,374,5390000
5392,C,,4565,0,5391000
5393,M,B,0,33,5392000
5394,L,B,10024,116,5393000
5395,L,B,10081,121,5394000
5396,L,S,10019,331,5395000
5397,M,B,0,51,5396000
5398,C,,1630,0,5397000
5399,C,,4751,0,5398000
5400,L,B,10026,444,5399000
5401,L,B,9867,86,5400000
5402,L,B,9929,60,5401000
5403,L,B,10009,355,5402000
5404,L,B,9993,195,5403000
5405,L,S,9906,344,5404000
5406,C,,4169,0,5405000
5407,M,B,0,71,5406000
5408,L,B,9996,191,5407000
5409,L,B,10099,460,5408000
5410,L,S,10040,333,5409000
5411,L,S,9906,403,5410000
5412,L,B,9941,385,5411000
5413,M,S,0,18,5412000
5414,L,B,10059,427,5413000
5415,M,B,0,1,5414000
5416,L,S,9934,9,5415000
5417,L,S,10004,419,5416000
5418,M,S,0,96,5417000
5419,L,B,9998,39,5418000
5420,L,S,10068,460,5419000
5421,M,B,0,12,5420000
5422,L,S,10020,202,5421000
5423,C,,2806,0,5422000
5424,C,,1022,0,5423000
5425,M,S,0,29,5424000
5426,C,,56,0,5425000
5427,M,S,0,13,5426000
5428,L,S,10045,317,5427000
5429,L,S,9974,8,5428000
5430,L,S,10023,104,5429000
5431,L,B,10065,274,5430000
5432,M,S,0,52,5431000
5433,L,S,10017,277,5432000
5434,L,S,9921,460,5433000
5435,L,B,9901,329,5434000
5436,L,S,9982,187,5435000
5437,L,S,9943,433,5436000
5438,L,B,10027,194,5437000
5439,L,S,10111,68,5438000
5440,L,S,10113,184,5439000
5441,L,S,9916,447,5440000
5442,L,B,9989,41,5441000
5443,L,B,10133,189,5442000
5444,C,,856,0,5443000
5445,M,B,0,66,5444000
5446,L,S,9951,236,5445000
5447,L,B,10093,250,5446000
5448,L,S,10059,402,5447000
5449,L,S,10028,75,5448000
5450,L,S,9909,304,5449000
5451,L,B,9996,309,5450000
5452,C,,3083,0,5451000
5453,L,B,10039,28,5452000
5454,M,S,0,34,5453000
5455,M,B,0,17,5454000
5456,L,S,9973,427,5455000
5457,M,B,0,100,5456000
5458,L,B,9942,296,5457000
5459,L,S,9916,364,5458000
5460,L,S,10093,26,5459000
5461,L,B,10127,210,5460000
5462,L,B,9936,88,5461000
5463,L,B,10043,91,5462000
5464,L,S,9939,313,5463000
5465,L,S,10001,46,5464000
5466,L,S,9994,468,5465000
5467,M,B,0,89,5466000
5468,L,B,10179,38,5467000
5469,L,S,10113,474,5468000
5470,C,,3386,0,5469000
5471,L,B,10036,329,5470000
5472,M,S,0,12,5471000
5473,L,B,9845,1,5472000
5474,L,S,10024,418,5473000
5475,M,B,0,55,5474000
5476,L,S,9979,381,5475000
5477,L,S,10046,421,5476000
5478,L,B,9946,17,5477000
5479,L,S,9917,3,5478000
5480,C,,2481,0,5479000
5481,C,,5336,0,5480000
5482,L,S,9945,403,5481000
5483,L,S,9985,331,5482000
5484,L,S,9955,240,5483000
5485,L,S,10030,177,5484000
5486,L,B,10128,490,5485000
5487,L,B,10014,320,5486000
5488,M,S,0,19,5487000
5489,C,,2046,0,5488000
5490,M,S,0,11,5489000
5491,L,S,9976,397,5490000
5492,L,B,10059,288,5491000
5493,M,B,0,88,5492000
5494,L,B,10017,152,5493000
5495,L,S,10015,132,5494000
5496,L,S,9940,124,5495000
5497,L,S,9980,442,5496000
5498,L,S,10011,20,5497000
5499,M,B,0,76,5498000
5500,L,S,10140,477,5499000
5501,L,B,9997,156,5500000
5502,C,,2971,0,5501000
5503,M,B,0,81,5502000
5504,C,,2807,0,5503000
5505,L,B,10057,229,5504000
5506,M,S,0,91,5505000
5507,L,B,10017,318,5506000
5508,L,B,10038,290,5507000
5509,L,S,9991,305,5508000
5510,L,S,10048,22,5509000
5511,L,S,9966,375,5510000
5512,L,S,10039,487,5511000
5513,L,B,10029,399,5512000
5514,L,B,9919,73,5513000
5515,L,B,9940,483,5514000
5516,L,B,9984,325,5515000
5517,L,S,9962,190,5516000
5518,C,,2950,0,5517000
5519,M,S,0,90,5518000
5520,C,,1816,0,5519000
5521,C,,957,0,5520000
5522,M,B,0,41,5521000
5523,M,S,0,46,5522000
5524,C,,731,0,5523000
5525,L,S,10006,26,5524000
5526,L,B,9897,110,5525000
5527,C,,1880,0,5526000
5528,C,,3182,0,5527000
5529,C,,5362,0,5528000
5530,M,S,0,57,5529000
5531,L,S,10053,490,5530000
5532,M,B,0,57,5531000
5533,M,S,0,60,5532000
5534,L,B,10010,182,5533000
5535,M,S,0,47,5534000
5536,L,S,9938,25,5535000
5537,L,B,9892,491,5536000
5538,M,B,0,39,5537000
5539,M,B,0,89,5538000
5540,C,,1313,0,5539000
5541,L,B,10126,220,5540000
5542,L,S,9948,498,5541000
5543,M,B,0,70,5542000
5544,L,S,10039,335,5543000
5545,L,S,10026,457,5544000
5546,L,S,9937,466,5545000
5547,L,S,10091,76,5546000
5548,L,B,10066,250,5547000
5549,L,S,10014,330,5548000
5550,L,S,10136,281,5549000
5551,L,S,9949,368,5550000
5552,L,B,10025,246,5551000
5553,L,S,9861,65,5552000
5554,M,S,0,85,5553000
5555,L,S,9964,192,5554000
5556,C,,324,0,5555000
5557,L,B,10096,194,5556000
5558,M,S,0,43,5557000
5559,L,B,9916,38,5558000
5560,L,S,9908,161,5559000
5561,L,S,10012,276,5560000
5562,L,S,10028,322,5561000
5563,L,S,9989,405,5562000
5564,L,B,9964,49,5563000
5565,L,S,10018,459,5564000
5566,C,,5500,0,5565000
5567,L,B,10003,327,5566000
5568,M,S,0,53,5567000
5569,L,B,10083,46,5568000
5570,L,B,10117,407,5569000
5571,L,S,9981,491,5570000
5572,C,,4006,0,5571000
5573,L,S,10098,289,5572000
5574,L,S,9875,441,5573000
5575,L,B,10039,378,5574000
5576,L,B,10010,489,5575000
5577,M,B,0,23,5576000
5578,M,S,0,19,5577000
5579,L,B,10017,96,5578000
5580,L,B,9986,306,5579000
5581,L,S,10003,59,5580000
5582,L,B,10055,282,5581000
5583,L,B,10089,359,5582000
5584,C,,1132,0,5583000
5585,L,S,9987,465,5584000
5586,C,,1378,0,5585000
5587,L,S,9979,371,5586000
5588,L,B,10026,58,5587000
5589,L,B,10017,191,5588000
5590,L,S,9984,292,5589000
5591,M,S,0,61,5590000
5592,L,S,9864,196,5591000
5593,L,B,10197,174,5592000
5594,C,,4191,0,5593000
5595,L,S,10064,310,5594000
5596,C,,813,0,5595000
5597,L,B,10074,298,5596000
5598,L,B,9972,261,5597000
5599,L,S,9992,50,5598000
5600,C,,1487,0,5599000
5601,L,S,10020,84,5600000
5602,L,B,10012,66,5601000
5603,L,S,10054,118,5602000
5604,L,S,10026,143,5603000
5605,L,B,10010,109,5604000
5606,M,S,0,68,5605000
5607,M,B,0,47,5606000
5608,L,S,9970,377,5607000
5609,L,B,9905,19,5608000
5610,L,S,9983,77,5609000
5611,L,B,10104,368,5610000
5612,L,B,10093,53,5611000
5613,L,S,9957,22,5612000
5614,C,,1426,0,5613000
5615,L,B,10051,203,5614000
5616,L,S,9956,423,5615000
5617,L,S,9872,226,5616000
5618,L,B,9913,463,5617000
5619,L,S,10018,351,5618000
5620,L,B,10112,307,5619000
5621,L,S,10071,38,5620000
5622,L,B,9830,312,5621000
5623,L,S,9856,112,5622000
5624,L,S,9918,135,5623000
5625,L,S,9949,318,5624000
5626,L,B,9987,291,5625000
5627,L,S,10064,8,5626000
5628,L,B,9974,286,5627000
5629,C,,3722,0,5628000
5630,M,S,0,59,5629000
5631,C,,533,0,5630000
5632,L,S,10025,263,5631000
5633,M,B,0,8,5632000
5634,L,B,9989,391,5633000
5635,M,B,0,5,5634000
5636,L,B,10100,310,5635000
5637,M,S,0,73,5636000
5638,L,B,9988,332,5637000
5639,L,B,10047,198,5638000
5640,L,S,10119,61,5639000
5641,L,S,9996,341,5640000
5642,L,S,10116,176,5641000
5643,C,,4717,0,5642000
5644,M,B,0,20,5643000
5645,L,S,9862,21,5644000
5646,L,B,9989,305,5645000
5647,C,,5139,0,5646000
5648,L,S,9921,371,5647000
5649,L,S,10052,44,5648000
5650,M,S,0,49,5649000
5651,L,B,9974,69,5650000
5652,M,S,0,37,5651000
5653,C,,1935,0,5652000
5654,C,,5459,0,5653000
5655,L,S,10041,116,5654000
5656,L,S,10016,354,5655000
5657,L,B,9995,428,5656000
5658,L,S,9985,369,5657000
5659,L,S,10000,399,5658000
5660,M,S,0,73,5659000
5661,M,B,0,59,5660000
5662,L,S,9963,370,5661000
5663,M,S,0,82,5662000
5664,L,B,9801,496,5663000
5665,L,B,9871,202,5664000
5666,L,S,10022,398,5665000
5667,L,S,10042,144,5666000
5668,L,B,10017,147,5667000
5669,L,S,10072,474,5668000
5670,M,S,0,40,5669000
5671,L,S,9953,95,5670000
5672,M,S,0,42,5671000
5673,M,B,0,49,5672000
5674,L,S,10054,123,5673000
5675,L,S,10118,142,5674000
5676,L,B,9960,137,5675000
5677,L,B,9808,417,5676000
5678,L,S,10092,299,5677000
5679,L,S,9973,81,5678000
5680,C,,1298,0,5679000
5681,L,B,9962,29,5680000
5682,L,B,10098,337,5681000
5683,M,B,0,88,5682000
5684,C,,421,0,5683000
5685,L,S,10113,421,5684000
5686,L,B,10109,478,5685000
5687,L,B,9973,478,5686000
5688,L,B,9992,108,5687000
5689,L,S,9974,222,5688000
5690,C,,4385,0,5689000
5691,M,B,0,88,5690000
5692,M,S,0,7,5691000
5693,L,B,10139,495,5692000
5694,L,S,10006,271,5693000
5695,L,B,9987,380,5694000
5696,M,B,0,57,5695000
5697,L,B,9909,209,5696000
5698,L,B,10042,58,5697000
5699,L,B,10070,323,5698000
5700,M,S,0,57,5699000
5701,C,,770,0,5700000
5702,L,S,9866,167,5701000
5703,L,S,10014,78,5702000
5704,L,S,10004,374,5703000
5705,L,B,9959,485,5704000
5706,L,B,10088,310,5705000
5707,L,S,9988,471,5706000
5708,L,B,9969,413,5707000
5709,L,B,10145,102,5708000
5710,L,B,9995,178,5709000
5711,L,B,10006,370,5710000
5712,L,S,9960,295,5711000
5713,M,S,0,32,5712000
5714,L,S,10060,458,5713000
5715,C,,5570,0,5714000
5716,L,B,9987,87,5715000
5717,L,S,10018,316,5716000
5718,L,S,9957,312,5717000
5719,L,B,10061,425,5718000
5720,C,,2251,0,5719000
5721,M,B,0,30,5720000
5722,L,B,9919,180,5721000
5723,C,,4140,0,5722000
5724,L,S,9930,262,5723000
5725,L,S,9977,404,5724000
5726,C,,4393,0,5725000
5727,M,S,0,26,5726000
5728,L,B,9962,52,5727000
5729,L,S,10002,422,5728000
5730,C,,2258,0,5729000
5731,C,,4758,0,5730000
5732,M,S,0,24,5731000
5733,M,S,0,64,5732000
5734,M,S,0,56,5733000
5735,C,,2558,0,5734000
5736,L,B,9964,227,5735000
5737,M,B,0,27,5736000
5738,C,,2209,0,5737000
5739,C,,1626,0,5738000
5740,L,B,10025,365,5739000
5741,L,S,10001,79,5740000
5742,L,S,9945,440,5741000
5743,M,B,0,86,5742000
5744,C,,5243,0,5743000
5745,C,,1871,0,5744000
5746,M,B,0,8,5745000
5747,L,S,9845,109,5746000
5748,L,B,9859,200,5747000
5749,L,S,10019,409,5748000
5750,L,S,9927,59,5749000
5751,L,B,9969,54,5750000
5752,M,B,0,86,5751000
5753,L,S,9930,487,5752000
5754,L,B,9966,455,5753000
5755,M,B,0,50,5754000
5756,L,S,9986,261,5755000
5757,M,S,0,30,5756000
5758,L,S,9964,161,5757000
5759,M,S,0,6,5758000
5760,L,B,9946,38,5759000
5761,M,S,0,85,5760000
5762,L,B,10052,40,5761000
5763,L,S,9993,176,5762000
5764,L,B,9910,296,5763000
5765,M,S,0,28,5764000
5766,L,B,9958,255,5765000
5767,L,B,9998,71,5766000
5768,L,B,10000,500,5767000
5769,L,B,9931,50,5768000
5770,L,S,9933,77,5769000
5771,L,S,9900,221,5770000
5772,C,,5174,0,5771000
5773,L,S,9952,332,5772000
5774,L,B,10072,38,5773000
5775,L,B,9979,248,5774000
5776,L,S,10042,225,5775000
5777,M,S,0,4,5776000
5778,L,B,9997,296,5777000
5779,C,,4603,0,5778000
5780,L,S,9957,327,5779000
5781,C,,5248,0,5780000
5782,M,S,0,90,5781000
5783,M,B,0,78,5782000
5784,L,S,10023,169,5783000
5785,L,B,9894,297,5784000
5786,L,B,9992,64,5785000
5787,L,B,9947,13,5786000
5788,M,B,0,49,5787000
5789,L,B,9969,328,5788000
5790,L,S,9896,1,5789000
5791,L,S,10013,238,5790000
5792,L,B,9964,206,5791000
5793,L,B,9939,231,5792000
5794,C,,1030,0,5793000
5795,L,B,10054,18,5794000
5796,L,B,9956,12,5795000
5797,L,B,9977,20,5796000
5798,L,B,9929,140,5797000
5799,L,S,10069,57,5798000
5800,C,,4813,0,5799000
5801,M,B,0,90,5800000
5802,L,B,9984,26,5801000
5803,M,S,0,93,5802000
5804,L,B,10062,237,5803000
5805,L,B,10052,154,5804000
5806,L,B,9979,269,5805000
5807,L,S,10050,292,5806000
5808,M,S,0,45,5807000
5809,C,,3716,0,5808000
5810,M,B,0,43,5809000
5811,M,S,0,38,5810000
5812,M,B,0,33,5811000
5813,M,S,0,40,5812000
5814,L,B,10079,386,5813000
5815,L,S,9962,484,5814000
5816,C,,2686,0,5815000
5817,L,B,9953,210,5816000
5818,L,S,9977,347,5817000
5819,M,S,0,22,5818000
5820,L,B,9968,310,5819000
5821,M,S,0,28,5820000
5822,C,,5507,0,5821000
5823,M,S,0,67,5822000
5824,L,S,10061,52,5823000
5825,L,B,10141,293,5824000
5826,L,B,10007,89,5825000
5827,L,B,10057,461,5826000
5828,C,,3243,0,5827000
5829,L,S,10015,402,5828000
5830,L,B,10011,399,5829000
5831,L,B,9967,22,5830000
5832,L,S,10037,33,5831000
5833,L,S,9947,291,5832000
5834,L,B,10108,55,5833000
5835,L,B,9919,376,5834000
5836,C,,3124,0,5835000
5837,C,,3319,0,5836000
5838,L,S,10032,322,5837000
5839,M,B,0,1,5838000
5840,L,B,10081,413,5839000
5841,L,S,10004,362,5840000
5842,L,B,10024,133,5841000
5843,M,B,0,29,5842000
5844,L,B,9939,454,5843000
5845,L,S,9984,98,5844000
5846,M,B,0,86,5845000
5847,M,B,0,32,5846000
5848,L,B,10027,336,5847000
5849,L,B,10062,340,5848000
5850,L,S,9898,411,5849000
5851,M,S,0,70,5850000
5852,M,B,0,84,5851000
5853,L,S,9998,73,5852000
5854,L,B,10003,79,5853000
5855,C,,5417,0,5854000
5856,L,S,9832,250,5855000
5857,L,B,9958,20,5856000
5858,L,S,10009,30,5857000
5859,L,S,10016,25,5858000
5860,L,S,9939,313,5859000
5861,C,,3794,0,5860000
5862,L,B,10001,386,5861000
5863,C,,1689,0,5862000
5864,L,B,9893,79,5863000
5865,L,B,10023,206,5864000
5866,L,B,10027,105,5865000
5867,C,,2324,0,5866000
5868,L,B,9940,376,5867000
5869,M,S,0,55,5868000
5870,M,B,0,2,5869000
5871,L,B,10039,398,5870000
5872,L,S,10000,461,5871000
5873,M,B,0,83,5872000
5874,L,B,9942,483,5873000
5875,C,,2333,0,5874000
5876,M,S,0,34,5875000
5877,M,B,0,4,5876000
5878,L,S,10033,66,5877000
5879,L,B,9990,485,5878000
5880,C,,4946,0,5879000
5881,M,S,0,99,5880000
5882,L,B,10020,409,5881000
5883,L,B,10034,192,5882000
5884,L,S,9975,133,5883000
5885,M,S,0,94,5884000
5886,M,B,0,61,5885000
5887,L,S,9854,165,5886000
5888,M,B,0,80,5887000
5889,M,S,0,24,5888000
5890,C,,659,0,5889000
5891,L,S,10019,226,5890000
5892,L,S,10133,323,5891000
5893,L,S,10038,163,5892000
5894,L,S,9983,300,5893000
5895,M,B,0,51,5894000
5896,M,B,0,33,5895000
5897,C,,5874,0,5896000
5898,M,S,0,63,5897000
5899,L,B,9859,407,5898000
5900,L,B,9930,45,5899000
5901,C,,1347,0,5900000
5902,L,S,10099,353,5901000
5903,L,S,10026,381,5902000
5904,L,S,10110,233,5903000
5905,C,,4282,0,5904000
5906,L,B,9910,323,5905000
5907,C,,5062,0,5906000
5908,L,B,10090,356,5907000
5909,L,S,9984,377,5908000
5910,C,,1250,0,5909000
5911,L,B,10048,199,5910000
5912,M,B,0,72,5911000
5913,L,B,10060,185,5912000
5914,C,,1613,0,5913000
5915,L,B,9959,416,5914000
5916,L,S,10040,196,5915000
5917,M,B,0,25,5916000
5918,M,B,0,70,5917000
5919,M,B,0,38,5918000
5920,L,B,10010,258,5919000
5921,M,B,0,77,5920000
5922,L,B,9993,139,5921000
5923,L,S,10064,350,5922000
5924,L,S,10004,179,5923000
5925,L,S,9955,230,5924000
5926,L,S,10108,463,5925000
5927,L,B,9979,450,5926000
5928,L,B,9968,120,5927000
5929,L,B,9942,88,5928000
5930,L,B,10000,79,5929000
5931,L,B,9933,73,5930000
5932,M,B,0,84,5931000
5933,L,S,10049,81,5932000
5934,L,B,10136,489,5933000
5935,C,,3713,0,5934000
5936,L,B,10065,163,5935000
5937,L,S,9958,126,5936000
5938,L,S,9977,79,5937000
5939,L,B,9960,392,5938000
5940,C,,573,0,5939000
5941,L,B,9962,340,5940000
5942,L,S,9949,50,5941000
5943,L,S,9933,115,5942000
5944,M,S,0,6,5943000
5945,L,S,10028,439,5944000
5946,L,S,9962,43,5945000
5947,L,B,10039,40,5946000
5948,L,B,9988,340,5947000
5949,C,,1281,0,5948000
5950,M,S,0,56,5949000
5951,L,S,10055,5,5950000
5952,L,S,9997,272,5951000
5953,L,S,10053,157,5952000
5954,M,S,0,87,5953000
5955,L,S,10020,91,5954000
5956,L,S,10065,269,5955000
5957,L,S,9971,267,5956000
5958,L,S,9949,485,5957000
5959,C,,2985,0,5958000
5960,M,B,0,56,5959000
5961,M,B,0,85,5960000
5962,L,S,10043,367,5961000
5963,C,,1569,0,5962000
5964,L,B,10101,24,5963000
5965,L,S,10010,273,5964000
5966,L,S,9985,262,5965000
5967,C,,4862,0,5966000
5968,M,S,0,15,5967000
5969,L,S,10075,229,5968000
5970,L,S,9924,314,5969000
5971,L,S,9953,50,5970000
5972,M,S,0,26,5971000
5973,L,S,10127,217,5972000
5974,L,S,10047,382,5973000
5975,L,B,10156,383,5974000
5976,L,B,10005,279,5975000
5977,L,S,10094,168,5976000
5978,M,B,0,68,5977000
5979,C,,4741,0,5978000
5980,M,S,0,71,5979000
5981,M,S,0,79,5980000
5982,L,S,10002,393,5981000
5983,L,B,9918,84,5982000
5984,M,S,0,32,5983000
5985,C,,1879,0,5984000
5986,M,S,0,27,5985000
5987,C,,4406,0,5986000
5988,L,B,10061,405,5987000
5989,C,,2123,0,5988000
5990,L,B,10022,173,5989000
5991,L,S,9984,494,5990000
5992,L,S,10031,204,5991000
5993,L,B,9941,283,5992000
5994,L,S,10026,80,5993000
5995,M,S,0,26,5994000
5996,C,,5848,0,5995000
5997,L,B,10000,277,5996000
5998,M,S,0,29,5997000
5999,L,B,9992,33,5998000
6000,L,B,9893,481,5999000
6001,M,S,0,3,6000000
6002,L,S,9971,23,6001000
6003,L,S,10001,190,6002000
6004,M,B,0,82,6003000
6005,C,,4666,0,6004000
6006,L,S,10019,39,6005000
6007,L,B,9954,228,6006000
6008,C,,1327,0,6007000
6009,L,S,10135,215,6008000
6010,L,S,10113,127,6009000
6011,L,B,9978,346,6010000
6012,L,S,9965,375,6011000
6013,L,B,9889,205,6012000
6014,L,S,10121,314,6013000
6015,C,,4927,0,6014000
6016,M,B,0,58,6015000
6017,L,S,9883,84,6016000
6018,L,B,9923,140,6017000
6019,M,S,0,2,6018000
6020,M,S,0,18,6019000
6021,L,S,9912,74,6020000
6022,M,B,0,76,6021000
6023,C,,2943,0,6022000
6024,L,B,10031,317,6023000
6025,L,B,10116,235,6024000
6026,L,S,10002,131,6025000
6027,L,S,10032,142,6026000
6028,L,S,9957,411,6027000
6029,L,S,9978,125,6028000
6030,L,B,10064,484,6029000
6031,L,B,9992,274,6030000
6032,L,B,9918,398,6031000
6033,L,B,9998,310,6032000
6034,L,S,10009,413,6033000
6035,L,B,10032,455,6034000
6036,C,,1757,0,6035000
6037,L,S,9993,21,6036000
6038,L,B,9981,431,6037000
6039,L,B,9986,427,6038000
6040,L,S,10000,450,6039000
6041,L,S,9998,448,6040000
6042,M,B,0,62,6041000
6043,L,S,9913,378,6042000
6044,L,S,9971,381,6043000
6045,C,,4778,0,6044000
6046,L,S,10003,492,6045000
6047,L,B,10037,7,6046000
6048,L,B,9955,390,6047000
6049,M,B,0,100,6048000
6050,L,S,9904,9,6049000
6051,C,,3356,0,6050000
6052,L,B,9995,423,6051000
6053,L,S,10085,433,6052000
6054,C,,2849,0,6053000
6055,L,S,9924,370,6054000
6056,C,,5461,0,6055000
6057,L,B,9999,213,6056000
6058,C,,481,0,6057000
6059,L,S,10018,353,6058000
6060,L,B,10061,471,6059000
6061,L,S,9999,481,6060000
6062,L,B,10090,341,6061000
6063,L,B,10055,470,6062000
6064,L,B,9962,20,6063000
6065,L,S,10041,177,6064000
6066,L,B,10041,245,6065000
6067,L,S,10004,438,6066000
6068,L,S,9958,170,6067000
6069,L,S,9967,407,6068000
6070,L,B,9956,246,6069000
6071,C,,2940,0,6070000
6072,L,S,9959,308,6071000
6073,L,B,10079,435,6072000
6074,M,B,0,29,6073000
6075,L,B,10031,171,6074000
6076,M,B,0,22,6075000
6077,M,S,0,77,6076000
6078,L,S,10017,202,6077000
6079,L,B,10112,476,6078000
6080,M,B,0,100,6079000
6081,L,S,10073,238,6080000
6082,L,B,9988,375,6081000
6083,L,B,10094,165,6082000
6084,M,B,0,42,6083000
6085,L,S,9966,178,6084000
6086,L,S,10094,52,6085000
6087,L,S,9971,44,6086000
6088,L,B,10056,470,6087000
6089,L,S,10054,48,6088000
6090,L,B,10016,138,6089000
6091,L,S,9960,73,6090000
6092,L,S,9953,375,6091000
6093,M,S,0,15,6092000
6094,M,S,0,16,6093000
6095,L,B,10029,103,6094000
6096,L,S,9919,309,6095000
6097,L,B,9918,114,6096000
6098,L,S,10006,216,6097000
6099,L,S,9982,330,6098000
6100,L,S,9955,94,6099000
6101,L,B,9919,90,6100000
6102,M,S,0,46,6101000
6103,M,B,0,61,6102000
6104,L,B,10013,285,6103000
6105,L,B,10038,228,6104000
6106,M,B,0,85,6105000
6107,L,B,10016,116,6106000
6108,L,S,9970,290,6107000
6109,C,,3353,0,6108000
6110,L,B,9998,150,6109000
6111,L,B,10064,381,6110000
6112,L,B,10039,415,6111000
6113,L,S,10047,417,6112000
6114,L,S,9997,295,6113000
6115,L,B,10014,464,6114000
6116,L,S,9950,295,6115000
6117,L,B,10020,305,6116000
6118,L,B,10004,296,6117000
6119,L,S,10050,175,6118000
6120,L,S,9913,277,6119000
6121,L,S,9987,334,6120000
6122,L,B,10053,481,6121000
6123,L,S,9885,430,6122000
6124,M,S,0,75,6123000
6125,L,B,9893,467,6124000
6126,C,,4344,0,6125000
6127,L,S,9954,485,6126000
6128,L,B,10065,304,6127000
6129,L,B,9918,375,6128000
6130,L,S,10031,340,6129000
6131,M,S,0,18,6130000
6132,L,S,9907,232,6131000
6133,C,,4146,0,6132000
6134,L,B,9889,298,6133000
6135,L,S,9996,51,6134000
6136,M,S,0,27,6135000
6137,L,S,10059,82,6136000
6138,L,B,9973,372,6137000
6139,L,B,9996,271,6138000
6140,L,S,10019,42,6139000
6141,L,S,9974,252,6140000
6142,M,B,0,44,6141000
6143,L,S,10117,337,6142000
6144,C,,5900,0,6143000
6145,L,S,10016,427,6144000
6146,L,B,10055,287,6145000
6147,C,,3846,0,6146000
6148,L,B,10016,405,6147000
6149,L,S,9940,276,6148000
6150,M,S,0,60,6149000
6151,C,,208,0,6150000
6152,M,S,0,25,6151000
6153,L,B,9909,383,6152000
6154,M,B,0,31,6153000
6155,M,B,0,32,6154000
6156,C,,4651,0,6155000
6157,L,S,9965,444,6156000
6158,L,B,10005,371,6157000
6159,L,S,9979,274,6158000
6160,M,S,0,92,6159000
6161,L,B,9945,32,6160000
6162,C,,2902,0,6161000
6163,L,B,9883,478,6162000
6164,M,S,0,64,6163000
6165,L,S,10084,72,6164000
6166,C,,947,0,6165000
6167,L,B,9988,126,6166000
6168,L,B,9934,317,6167000
6169,L,B,9971,448,6168000
6170,C,,3903,0,6169000
6171,L,S,10050,150,6170000
6172,L,B,9923,421,6171000
6173,L,S,9893,291,6172000
6174,L,B,10022,149,6173000
6175,L,S,9979,315,6174000
6176,L,B,9951,249,6175000
6177,L,B,9998,82,6176000
6178,L,B,10006,3,6177000
6179,L,B,9936,91,6178000
6180,L,B,10000,361,6179000
6181,M,B,0,14,6180000
6182,L,S,10025,491,6181000
6183,C,,5356,0,6182000
6184,C,,3171,0,6183000
6185,L,S,10059,136,6184000
6186,L,B,9967,64,6185000
6187,L,S,9966,110,6186000
6188,L,B,9990,215,6187000
6189,L,B,10084,135,6188000
6190,L,S,9895,233,6189000
6191,L,S,10007,109,6190000
6192,C,,4962,0,6191000
6193,L,S,10057,215,6192000
6194,L,B,10005,441,6193000
6195,L,S,9852,471,6194000
6196,L,B,9887,143,6195000
6197,C,,4488,0,6196000
6198,L,B,9996,164,6197000
6199,M,B,0,91,6198000
6200,L,S,9948,233,6199000
6201,L,B,10097,233,6200000
6202,L,B,9956,284,6201000
6203,C,,1367,0,6202000
6204,M,S,0,35,6203000
6205,M,S,0,5,6204000
6206,L,S,9946,303,6205000
6207,L,S,10071,281,6206000
6208,L,S,10030,184,6207000
6209,C,,2301,0,6208000
6210,M,B,0,37,6209000
6211,M,B,0,33,6210000
6212,L,S,9927,58,6211000
6213,C,,3311,0,6212000
6214,L,S,9943,448,6213000
6215,L,B,9936,179,6214000
6216,L,B,9982,21,6215000
6217,C,,835,0,6216000
6218,M,B,0,30,6217000
6219,C,,5204,0,6218000
6220,L,S,9966,138,6219000
6221,M,B,0,8,6220000
6222,M,B,0,76,6221000
6223,M,B,0,73,6222000
6224,L,B,10011,400,6223000
6225,L,S,10082,366,6224000
6226,L,B,10042,325,6225000
6227,C,,1577,0,6226000
6228,M,S,0,60,6227000
6229,L,S,9965,200,6228000
6230,C,,4967,0,6229000
6231,L,B,9987,192,6230000
6232,L,B,9989,149,6231000
6233,L,S,10035,356,6232000
6234,L,B,9973,425,6233000
6235,L,B,10015,157,6234000
6236,L,B,9983,244,6235000
6237,L,S,9958,230,6236000
6238,M,B,0,20,6237000
6239,M,B,0,43,6238000
6240,M,B,0,54,6239000
6241,M,B,0,47,6240000
6242,L,S,9992,239,6241000
6243,L,B,9996,31,6242000
6244,L,B,9941,495,6243000
6245,L,S,10103,111,6244000
6246,L,B,10000,232,6245000
6247,L,B,9983,105,6246000
6248,L,B,10076,453,6247000
6249,L,B,10020,73,6248000
6250,L,B,10025,473,6249000
6251,M,B,0,53,6250000
6252,M,S,0,15,6251000
6253,L,S,9948,494,6252000
6254,L,S,9946,209,6253000
6255,L,S,10015,423,6254000
6256,L,B,10095,68,6255000
6257,L,B,9880,332,6256000
6258,L,B,10061,139,6257000
6259,M,B,0,94,6258000
6260,C,,5567,0,6259000
6261,M,S,0,40,6260000
6262,M,B,0,61,6261000
6263,C,,3520,0,6262000
6264,L,B,10133,94,6263000
6265,L,S,9981,67,6264000
6266,L,B,10043,239,6265000
6267,L,B,9835,347,6266000
6268,L,S,9938,424,6267000
6269,M,S,0,45,6268000
6270,L,B,10068,57,6269000
6271,L,S,10053,298,6270000
6272,C,,1072,0,6271000
6273,L,B,10154,360,6272000
6274,L,S,9857,275,6273000
6275,C,,2555,0,6274000
6276,L,B,10135,346,6275000
6277,L,B,9871,195,6276000
6278,C,,177,0,6277000
6279,L,B,9986,384,6278000
6280,L,S,10003,286,6279000
6281,C,,4898,0,6280000
6282,L,B,9967,67,6281000
6283,L,B,10124,26,6282000
6284,L,S,10013,394,6283000
6285,C,,2128,0,6284000
6286,L,S,9846,321,6285000
6287,L,B,9978,277,6286000
6288,L,B,10042,230,6287000
6289,C,,526,0,6288000
6290,L,B,9928,164,6289000
6291,L,B,9964,366,6290000
6292,C,,1810,0,6291000
6293,L,B,9997,481,6292000
6294,M,S,0,46,6293000
6295,C,,61,0,6294000
6296,C,,6185,0,6295000
6297,L,B,9923,10,6296000
6298,L,B,10029,207,6297000
6299,L,S,9895,314,6298000
6300,L,S,9896,47,6299000
6301,L,B,9950,409,6300000
6302,L,S,10018,291,6301000
6303,M,S,0,31,6302000
6304,L,B,9977,479,6303000
6305,L,S,9926,296,6304000
6306,M,S,0,80,6305000
6307,L,B,9858,408,6306000
6308,M,B,0,11,6307000
6309,C,,4789,0,6308000
6310,L,S,9986,12,6309000
6311,C,,5089,0,6310000
6312,L,S,10012,128,6311000
6313,L,S,9992,229,6312000
6314,L,B,9951,452,6313000
6315,L,B,9924,356,6314000
6316,L,S,9942,389,6315000
6317,L,S,10007,326,6316000
6318,L,S,10010,7,6317000
6319,L,B,10004,211,6318000
6320,L,B,9947,484,6319000
6321,L,S,9971,140,6320000
6322,C,,3935,0,6321000
6323,L,S,10137,49,6322000
6324,L,B,10078,415,6323000
6325,L,S,9928,467,6324000
6326,L,S,10085,263,6325000
6327,L,S,9954,148,6326000
6328,C,,1638,0,6327000
6329,C,,3640,0,6328000
6330,L,S,9975,135,6329000
6331,M,S,0,60,6330000
6332,L,S,10000,327,6331000
6333,C,,3791,0,6332000
6334,L,S,10038,9,6333000
6335,L,B,10200,318,6334000
6336,L,S,10080,170,6335000
6337,L,B,9975,215,6336000
6338,C,,5355,0,6337000
6339,L,S,9960,147,6338000
6340,M,S,0,15,6339000
6341,C,,769,0,6340000
6342,L,B,10075,29,6341000
6343,L,B,10032,125,6342000
6344,L,B,10011,16,6343000
6345,L,S,10037,463,6344000
6346,L,S,9976,474,6345000
6347,L,B,10013,464,6346000
6348,L,S,10008,192,6347000
6349,L,S,9946,490,6348000
6350,M,S,0,97,6349000
6351,L,B,10023,24,6350000
6352,C,,2992,0,6351000
6353,M,S,0,57,6352000
6354,L,B,9957,495,6353000
6355,L,S,9952,171,6354000
6356,L,B,9978,105,6355000
6357,C,,3018,0,6356000
6358,L,B,9883,121,6357000
6359,L,S,10200,274,6358000
6360,L,S,10125,388,6359000
6361,L,S,10045,94,6360000
6362,L,S,9913,261,6361000
6363,L,B,10056,478,6362000
6364,M,B,0,20,6363000
6365,C,,2744,0,6364000
6366,C,,5307,0,6365000
6367,C,,3771,0,6366000
6368,C,,4037,0,6367000
6369,L,S,9855,405,6368000
6370,L,B,10047,297,6369000
6371,L,B,9914,8,6370000
6372,L,S,10061,257,6371000
6373,L,S,10050,499,6372000
6374,L,B,10080,158,6373000
6375,L,S,9909,450,6374000
6376,M,B,0,20,6375000
6377,C,,1661,0,6376000
6378,L,S,9954,378,6377000
6379,M,B,0,33,6378000
6380,L,B,10020,497,6379000
6381,L,S,10030,46,6380000
6382,M,B,0,91,6381000
6383,L,S,9910,280,6382000
6384,L,S,9996,343,6383000
6385,L,B,10001,173,6384000
6386,M,S,0,65,6385000
6387,C,,4485,0,6386000
6388,M,S,0,68,6387000
6389,L,S,9988,208,6388000
6390,L,S,10006,10,6389000
6391,L,B,10016,47,6390000
6392,L,S,10011,160,6391000
6393,L,S,10093,127,6392000
6394,C,,1373,0,6393000
6395,M,B,0,79,6394000
6396,M,S,0,1,6395000
6397,M,B,0,19,6396000
6398,L,S,10053,447,6397000
6399,L,B,10037,358,6398000
6400,L,S,10014,282,6399000
6401,M,S,0,7,6400000
6402,L,S,10010,153,6401000
6403,C,,4298,0,6402000
6404,M,B,0,97,6403000
6405,M,S,0,76,6404000
6406,M,S,0,72,6405000
6407,L,S,10002,54,6406000
6408,C,,6189,0,6407000
6409,L,S,10010,351,6408000
6410,M,S,0,7,6409000
6411,M,B,0,75,6410000
6412,L,S,9843,326,6411000
6413,L,S,10101,322,6412000
6414,L,B,9889,225,6413000
6415,L,B,10016,242,6414000
6416,C,,4885,0,6415000
6417,L,S,10029,228,6416000
6418,L,B,10048,390,6417000
6419,L,B,10056,58,6418000
6420,C,,1236,0,6419000
6421,L,S,9885,241,6420000
6422,C,,1699,0,6421000
6423,L,B,9992,306,6422000
6424,C,,5107,0,6423000
6425,L,B,9886,275,6424000
6426,L,B,10013,117,6425000
6427,L,S,9971,463,6426000
6428,L,S,9989,281,6427000
6429,L,S,9889,239,6428000
6430,C,,4474,0,6429000
6431,L,B,9965,132,6430000
6432,M,B,0,99,6431000
6433,L,S,10038,423,6432000
6434,L,S,9992,405,6433000
6435,C,,5199,0,6434000
6436,M,B,0,46,6435000
6437,M,B,0,86,6436000
6438,L,B,9906,34,6437000
6439,L,S,10035,126,6438000
6440,L,S,10093,482,6439000
6441,C,,1571,0,6440000
6442,L,B,9958,60,6441000
6443,M,S,0,19,6442000
6444,L,B,10041,187,6443000
6445,L,S,9980,417,6444000
6446,L,S,10030,435,6445000
6447,L,S,9976,58,6446000
6448,L,S,9952,438,6447000
6449,L,B,9975,13,6448000
6450,L,S,9994,415,6449000
6451,L,B,9910,440,6450000
6452,L,B,9983,244,6451000
6453,M,S,0,92,6452000
6454,L,B,10018,149,6453000
6455,L,S,10015,315,6454000
6456,C,,2421,0,6455000
6457,L,B,10133,2,6456000
6458,L,S,10039,256,6457000
6459,L,S,9964,80,6458000
6460,L,S,9940,492,6459000
6461,L,B,9965,283,6460000
6462,L,S,10027,280,6461000
6463,M,S,0,64,6462000
6464,L,B,9984,120,6463000
6465,L,S,9970,186,6464000
6466,L,B,10000,481,6465000
6467,L,S,10028,117,6466000
6468,M,B,0,38,6467000
6469,M,B,0,95,6468000
6470,M,B,0,36,6469000
6471,L,B,9932,73,6470000
6472,L,B,10059,32,6471000
6473,M,B,0,47,6472000
6474,L,B,10044,334,6473000
6475,L,S,10001,371,6474000
6476,L,B,9924,163,6475000
6477,L,B,10042,227,6476000
6478,L,B,10004,155,6477000
6479,L,B,9960,26,6478000
6480,L,B,10010,133,6479000
6481,M,B,0,68,6480000
6482,L,B,9920,427,6481000
6483,L,B,10025,214,6482000
6484,L,B,9868,350,6483000
6485,L,B,10047,35,6484000
6486,C,,5893,0,6485000
6487,L,B,9975,206,6486000
6488,L,S,9828,184,6487000
6489,L,B,9896,428,6488000
6490,L,B,9981,459,6489000
6491,M,B,0,34,6490000
6492,L,S,10089,120,6491000
6493,L,S,9997,400,6492000
6494,L,B,10117,352,6493000
6495,L,S,10004,396,6494000
6496,L,B,9976,464,6495000
6497,L,S,10013,220,6496000
6498,C,,6323,0,6497000
6499,L,B,9968,231,6498000
6500,L,B,9952,305,6499000
6501,C,,4473,0,6500000
6502,M,B,0,21,6501000
6503,L,B,9996,426,6502000
6504,M,B,0,24,6503000
6505,L,S,9985,384,6504000
6506,M,B,0,27,6505000
6507,L,S,10043,247,6506000
6508,L,S,10085,428,6507000
6509,L,B,10053,62,6508000
6510,C,,1246,0,6509000
6511,L,B,9955,151,6510000
6512,L,S,9962,429,6511000
6513,L,S,10039,120,6512000
6514,L,B,10055,297,6513000
6515,L,S,10042,413,6514000
6516,L,B,10029,493,6515000
6517,C,,6447,0,6516000
6518,L,B,10062,456,6517000
6519,L,S,9986,32,6518000
6520,L,B,10124,37,6519000
6521,L,S,10008,413,6520000
6522,C,,3715,0,6521000
6523,C,,4084,0,6522000
6524,C,,545,0,6523000
6525,C,,5758,0,6524000
6526,L,B,9850,299,6525000
6527,L,B,10021,470,6526000
6528,L,S,9964,437,6527000
6529,L,S,10028,228,6528000
6530,L,B,10045,285,6529000
6531,L,B,9899,388,6530000
6532,C,,2636,0,6531000
6533,L,S,9958,316,6532000
6534,M,S,0,71,6533000
6535,L,S,10017,66,6534000
6536,L,B,10089,389,6535000
6537,L,S,10120,61,6536000
6538,M,B,0,84,6537000
6539,L,S,10073,289,6538000
6540,M,B,0,56,6539000
6541,M,B,0,83,6540000
6542,L,B,10055,156,6541000
6543,L,B,9936,251,6542000
6544,L,S,9988,371,6543000
6545,L,S,9993,223,6544000
6546,L,B,9998,386,6545000
6547,L,S,9800,87,6546000
6548,L,B,9994,492,6547000
6549,M,B,0,6,6548000
6550,L,S,9970,463,6549000
6551,L,S,9963,318,6550000
6552,L,B,10116,294,6551000
6553,C,,5102,0,6552000
6554,L,S,9975,106,6553000
6555,L,S,10035,126,6554000
6556,L,B,10053,413,6555000
6557,L,S,9866,31,6556000
6558,L,S,10008,169,6557000
6559,M,S,0,5,6558000
6560,L,B,10059,259,6559000
6561,M,S,0,37,6560000
6562,M,B,0,25,6561000
6563,M,B,0,21,6562000
6564,L,B,10078,68,6563000
6565,L,S,9957,178,6564000
6566,L,S,10048,65,6565000
6567,M,S,0,97,6566000
6568,L,B,10000,297,6567000
6569,L,S,10000,465,6568000
6570,C,,5209,0,6569000
6571,L,S,9934,61,6570000
6572,L,S,9979,236,6571000
6573,L,B,10015,82,6572000
6574,L,B,10047,138,6573000
6575,L,S,10104,462,6574000
6576,L,S,10025,93,6575000
6577,L,B,9916,118,6576000
6578,L,B,9995,217,6577000
6579,C,,2747,0,6578000
6580,L,B,9966,437,6579000
6581,L,S,10000,464,6580000
6582,L,B,10031,318,6581000
6583,L,B,10001,293,6582000
6584,L,S,9985,451,6583000
6585,L,B,10037,98,6584000
6586,L,B,9963,182,6585000
6587,M,S,0,46,6586000
6588,L,B,10028,52,6587000
6589,L,B,10110,122,6588000
6590,M,B,0,57,6589000
6591,L,S,9967,310,6590000
6592,C,,3550,0,6591000
6593,M,B,0,17,6592000
6594,L,B,9961,280,6593000
6595,L,S,9931,359,6594000
6596,C,,6439,0,6595000
6597,L,B,9928,475,6596000
6598,C,,2991,0,6597000
6599,M,B,0,6,6598000
6600,L,S,10021,107,6599000
6601,C,,6226,0,6600000
6602,L,S,9962,286,6601000
6603,L,B,10111,85,6602000
6604,L,S,9886,341,6603000
6605,L,B,10075,326,6604000
6606,L,S,10028,377,6605000
6607,L,B,9998,397,6606000
6608,L,B,9960,407,6607000
6609,L,B,10051,137,6608000
6610,L,B,10096,300,6609000
6611,M,B,0,28,6610000
6612,C,,5464,0,6611000
6613,C,,6100,0,6612000
6614,L,S,9934,89,6613000
6615,L,B,10053,387,6614000
6616,L,B,9988,326,6615000
6617,L,S,9903,154,6616000
6618,L,S,10042,451,6617000
6619,L,B,10104,436,6618000
6620,C,,6455,0,6619000
6621,L,S,10073,90,6620000
6622,L,S,10045,311,6621000
6623,M,B,0,22,6622000
6624,M,B,0,18,6623000
6625,L,B,10122,424,6624000
6626,M,S,0,47,6625000
6627,L,B,9932,245,6626000
6628,M,S,0,3,6627000
6629,M,S,0,7,6628000
6630,M,B,0,29,6629000
6631,L,S,9960,83,6630000
6632,L,B,9990,45,6631000
6633,C,,2329,0,6632000
6634,L,B,10165,478,6633000
6635,L,B,10050,338,6634000
6636,L,B,9878,384,6635000
6637,L,S,10088,243,6636000
6638,C,,1472,0,6637000
6639,L,B,9845,6,6638000
6640,L,B,9975,238,6639000
6641,L,B,10105,338,6640000
6642,L,B,10066,57,6641000
6643,L,S,10021,7,6642000
6644,L,S,10064,133,6643000
6645,L,B,9967,103,6644000
6646,M,B,0,36,6645000
6647,C,,2853,0,6646000
6648,L,S,10014,236,6647000
6649,L,B,10064,245,6648000
6650,C,,6194,0,6649000
6651,L,S,9951,107,6650000
6652,M,S,0,24,6651000
6653,L,B,9988,36,6652000
6654,L,S,10069,52,6653000
6655,L,B,10126,254,6654000
6656,L,S,9999,89,6655000
6657,L,B,10040,113,6656000
6658,L,B,9964,137,6657000
6659,L,B,10011,400,6658000
6660,L,B,10060,422,6659000
6661,L,B,9800,85,6660000
6662,L,B,9902,275,6661000
6663,L,B,10019,287,6662000
6664,L,B,9970,240,6663000
6665,L,S,9995,335,6664000
6666,L,S,9948,305,6665000
6667,L,S,9928,247,6666000
6668,M,B,0,12,6667000
6669,L,B,10118,165,6668000
6670,M,S,0,5,6669000
6671,L,B,9950,219,6670000
6672,L,B,9990,332,6671000
6673,L,S,9981,490,6672000
6674,C,,2654,0,6673000
6675,L,B,10070,203,6674000
6676,M,B,0,97,6675000
6677,L,S,10084,132,6676000
6678,C,,4273,0,6677000
6679,L,S,9893,387,6678000
6680,L,S,10062,35,6679000
6681,L,B,9840,356,6680000
6682,L,B,9910,18,6681000
6683,C,,1659,0,6682000
6684,L,S,9990,86,6683000
6685,L,B,10009,21,6684000
6686,M,S,0,72,6685000
6687,L,B,9944,121,6686000
6688,L,S,9946,19,6687000
6689,L,B,10026,137,6688000
6690,C,,5159,0,6689000
6691,L,B,9924,341,6690000
6692,L,S,10058,242,6691000
6693,M,S,0,16,6692000
6694,L,B,9994,455,6693000
6695,C,,5039,0,6694000
6696,L,S,9931,315,6695000
6697,L,S,9921,169,6696000
6698,L,S,9996,347,6697000
6699,L,S,9916,294,6698000
6700,L,B,10072,417,6699000
6701,L,S,9905,388,6700000
6702,L,B,9913,380,6701000
6703,M,S,0,82,6702000
6704,L,B,9973,71,6703000
6705,L,B,9951,234,6704000
6706,L,S,9895,392,6705000
6707,L,S,9958,350,6706000
6708,M,B,0,51,6707000
6709,L,S,10005,84,6708000
6710,L,S,9933,459,6709000
6711,C,,4323,0,6710000
6712,L,S,9901,261,6711000
6713,M,B,0,73,6712000
6714,M,S,0,63,6713000
6715,L,B,9945,360,6714000
6716,L,S,10034,238,6715000
6717,L,S,10115,473,6716000
6718,L,B,10044,88,6717000
6719,L,B,9920,16,6718000
6720,L,S,9839,121,6719000
6721,C,,1039,0,6720000
6722,M,B,0,42,6721000
6723,L,S,9964,308,6722000
6724,M,B,0,46,6723000
6725,M,S,0,54,6724000
6726,L,S,9981,175,6725000
6727,M,B,0,1,6726000
6728,L,S,9986,272,6727000
6729,L,S,10016,381,6728000
6730,M,S,0,32,6729000
6731,M,S,0,89,6730000
6732,M,S,0,60,6731000
6733,M,B,0,61,6732000
6734,L,S,10146,198,6733000
6735,L,S,9994,59,6734000
6736,L,S,10046,297,6735000
6737,C,,6254,0,6736000
6738,C,,691,0,6737000
6739,L,S,9999,472,6738000
6740,M,B,0,84,6739000
6741,L,B,10114,103,6740000
6742,C,,6355,0,6741000
6743,L,B,10169,212,6742000
6744,L,B,9930,451,6743000
6745,L,B,9989,328,6744000
6746,C,,830,0,6745000
6747,L,B,9988,271,6746000
6748,L,S,9909,395,6747000
6749,L,B,9970,270,6748000
6750,L,S,9993,76,6749000
6751,L,S,9989,495,6750000
6752,L,S,9953,142,6751000
6753,L,B,9942,2,6752000
6754,L,S,10068,458,6753000
6755,L,B,10058,410,6754000
6756,L,B,10017,69,6755000
6757,M,B,0,16,6756000
6758,L,S,10001,412,6757000
6759,L,S,10048,136,6758000
6760,L,B,10134,412,6759000
6761,L,S,10020,268,6760000
6762,M,S,0,1,6761000
6763,L,B,10046,383,6762000
6764,L,S,9970,337,6763000
6765,C,,2283,0,6764000
6766,L,B,9954,47,6765000
6767,C,,1740,0,6766000
6768,C,,4223,0,6767000
6769,L,B,9951,232,6768000
6770,L,S,9984,361,6769000
6771,L,S,9957,68,6770000
6772,C,,2933,0,6771000
6773,L,B,9942,433,6772000
6774,M,S,0,6,6773000
6775,L,B,10004,386,6774000
6776,L,S,9949,226,6775000
6777,M,S,0,36,6776000
6778,M,S,0,52,6777000
6779,M,B,0,66,6778000
6780,L,B,10060,256,6779000
6781,L,B,9939,481,6780000
6782,M,B,0,26,6781000
6783,C,,2424,0,6782000
6784,L,B,10031,320,6783000
6785,C,,3827,0,6784000
6786,L,B,9915,191,6785000
6787,L,S,9854,455,6786000
6788,M,B,0,96,6787000
6789,L,B,10014,310,6788000
6790,L,B,10083,66,6789000
6791,L,B,9980,38,6790000
6792,C,,5020,0,6791000
6793,L,B,10050,303,6792000
6794,C,,5241,0,6793000
6795,M,B,0,95,6794000
6796,L,S,9960,281,6795000
6797,L,B,9929,498,6796000
6798,L,S,9976,364,6797000
6799,L,S,9920,7,6798000
6800,L,B,10083,269,6799000
6801,L,S,10034,312,6800000
6802,M,B,0,26,6801000
6803,L,S,9963,500,6802000
6804,M,B,0,17,6803000
6805,L,B,10043,26,6804000
6806,M,S,0,60,6805000
6807,C,,1639,0,6806000
6808,M,S,0,9,6807000
6809,C,,3028,0,6808000
6810,M,S,0,5,6809000
6811,C,,6097,0,6810000
6812,C,,878,0,6811000
6813,L,B,9967,105,6812000
6814,L,S,9938,432,6813000
6815,L,B,10129,303,6814000
6816,L,B,9954,153,6815000
6817,L,S,10087,482,6816000
6818,M,B,0,2,6817000
6819,L,S,9987,94,6818000
6820,L,S,9982,16,6819000
6821,L,B,9919,410,6820000
6822,L,S,10040,287,6821000
6823,C,,3763,0,6822000
6824,L,S,10116,280,6823000
6825,C,,6634,0,6824000
6826,L,S,9955,190,6825000
6827,L,B,10075,187,6826000
6828,L,S,10002,230,6827000
6829,L,B,10065,171,6828000
6830,C,,1707,0,6829000
6831,M,S,0,94,6830000
6832,L,S,9973,435,6831000
6833,M,B,0,40,6832000
6834,L,B,10024,38,6833000
6835,M,B,0,80,6834000
6836,L,B,10040,7,6835000
6837,L,B,10013,255,6836000
6838,C,,3398,0,6837000
6839,L,B,10038,388,6838000
6840,L,S,10036,171,6839000
6841,M,S,0,75,6840000
6842,L,B,9993,102,6841000
6843,L,B,9959,375,6842000
6844,L,B,10010,159,6843000
6845,L,B,10000,139,6844000
6846,L,B,10000,384,6845000
6847,C,,3896,0,6846000
6848,C,,6381,0,6847000
6849,L,S,10122,355,6848000
6850,M,B,0,10,6849000
6851,M,S,0,61,6850000
6852,L,S,9936,353,6851000
6853,L,S,9953,123,6852000
6854,C,,1844,0,6853000
6855,C,,5201,0,6854000
6856,L,B,10059,197,6855000
6857,L,B,9980,407,6856000
6858,L,B,9985,178,6857000
6859,L,B,9998,459,6858000
6860,M,B,0,92,6859000
6861,M,B,0,47,6860000
6862,L,S,9971,472,6861000
6863,L,S,10002,146,6862000
6864,L,B,9996,425,6863000
6865,M,S,0,41,6864000
6866,C,,1381,0,6865000
6867,L,S,10050,473,6866000
6868,M,S,0,23,6867000
6869,L,S,9999,349,6868000
6870,L,B,10013,379,6869000
6871,M,B,0,48,6870000
6872,C,,4852,0,6871000
6873,L,S,9887,143,6872000
6874,L,S,10071,277,6873000
6875,L,B,10009,81,6874000
6876,L,B,10064,355,6875000
6877,L,S,9989,444,6876000
6878,L,B,9994,29,6877000
6879,C,,5284,0,6878000
6880,C,,3005,0,6879000
6881,L,B,9966,465,6880000
6882,L,B,10008,22,6881000
6883,L,S,9930,286,6882000
6884,L,S,9985,348,6883000
6885,M,S,0,79,6884000
6886,L,S,9989,422,6885000
6887,M,S,0,37,6886000
6888,C,,974,0,6887000
6889,L,S,10102,194,6888000
6890,L,B,9936,142,6889000
6891,L,S,9935,124,6890000
6892,L,B,10099,305,6891000
6893,M,B,0,59,6892000
6894,M,S,0,21,6893000
6895,L,B,9940,4,6894000
6896,L,S,9956,187,6895000
6897,M,B,0,93,6896000
6898,M,S,0,69,6897000
6899,M,S,0,18,6898000
6900,C,,2139,0,6899000
6901,L,S,9974,422,6900000
6902,L,B,10107,125,6901000
6903,L,B,10031,209,6902000
6904,L,B,9884,128,6903000
6905,L,S,9997,119,6904000
6906,C,,1556,0,6905000
6907,M,B,0,69,6906000
6908,L,B,10003,249,6907000
6909,M,S,0,1,6908000
6910,L,B,9952,417,6909000
6911,L,B,10034,203,6910000
6912,L,B,10019,375,6911000
6913,L,S,10001,332,6912000
6914,L,B,10083,62,6913000
6915,L,B,10004,23,6914000
6916,L,S,10102,328,6915000
6917,L,B,10039,12,6916000
6918,L,B,9958,236,6917000
6919,M,S,0,90,6918000
6920,L,B,9895,58,6919000
6921,L,S,10019,320,6920000
6922,M,B,0,18,6921000
6923,C,,4288,0,6922000
6924,L,S,9997,253,6923000
6925,C,,5671,0,6924000
6926,L,S,10088,71,6925000
6927,L,B,9990,286,6926000
6928,C,,2835,0,6927000
6929,M,S,0,29,6928000
6930,L,B,10085,368,6929000
6931,L,B,10008,323,6930000
6932,L,B,10097,391,6931000
6933,L,S,9916,81,6932000
6934,C,,5247,0,6933000
6935,M,B,0,16,6934000
6936,L,B,9973,7,6935000
6937,L,S,10062,53,6936000
6938,M,S,0,40,6937000
6939,L,B,10072,328,6938000
6940,L,B,10004,472,6939000
6941,L,B,9871,188,6940000
6942,L,B,10170,192,6941000
6943,C,,5799,0,6942000
6944,L,B,9960,47,6943000
6945,L,S,9915,162,6944000
6946,L,B,9978,67,6945000
6947,L,B,10008,108,6946000
6948,L,B,9952,364,6947000
6949,L,B,10018,382,6948000
6950,L,B,10038,470,6949000
6951,L,B,9905,371,6950000
6952,L,S,9990,478,6951000
6953,L,S,9889,204,6952000
6954,L,S,9967,298,6953000
6955,L,B,10100,454,6954000
6956,L,B,10077,254,6955000
6957,L,S,9929,236,6956000
6958,L,S,9948,396,6957000
6959,L,B,10053,382,6958000
6960,M,S,0,94,6959000
6961,L,B,10074,52,6960000
6962,L,B,9905,309,6961000
6963,L,B,10026,74,6962000
6964,M,S,0,62,6963000
6965,L,S,10127,108,6964000
6966,L,S,9996,445,6965000
6967,L,B,10018,123,6966000
6968,M,S,0,59,6967000
6969,L,S,9971,225,6968000
6970,L,B,9958,478,6969000
6971,M,B,0,69,6970000
6972,C,,5616,0,6971000
6973,L,B,9995,49,6972000
6974,L,S,9988,34,6973000
6975,L,B,10002,143,6974000
6976,L,B,9959,153,6975000
6977,L,B,9969,312,6976000
6978,L,S,9980,170,6977000
6979,M,S,0,43,6978000
6980,M,S,0,17,6979000
6981,C,,739,0,6980000
6982,C,,4129,0,6981000
6983,L,S,9981,283,6982000
6984,C,,1445,0,6983000
6985,L,S,9984,202,6984000
6986,M,S,0,28,6985000
6987,M,B,0,98,6986000
6988,L,S,10026,253,6987000
6989,L,B,9855,105,6988000
6990,C,,3900,0,6989000
6991,C,,4601,0,6990000
6992,M,B,0,51,6991000
6993,L,B,9850,227,6992000
6994,L,S,10020,27,6993000
6995,L,S,9971,320,6994000
6996,L,B,10049,323,6995000
6997,L,S,10073,363,6996000
6998,L,B,10017,460,6997000
6999,L,B,9958,401,6998000
7000,M,S,0,55,6999000
7001,L,B,9943,292,7000000
7002,C,,6826,0,7001000
7003,C,,6750,0,7002000
7004,L,S,10002,413,7003000
7005,L,S,10067,325,7004000
7006,M,S,0,52,7005000
7007,C,,6544,0,7006000
7008,L,B,10078,137,7007000
7009,L,B,10037,301,7008000
7010,L,S,10017,395,7009000
7011,L,B,10086,295,7010000
7012,M,S,0,77,7011000
7013,M,B,0,91,7012000
7014,L,B,9992,417,7013000
7015,L,S,9861,306,7014000
7016,M,S,0,19,7015000
7017,M,S,0,56,7016000
7018,L,B,9995,132,7017000
7019,C,,1212,0,7018000
7020,L,B,9819,281,7019000
7021,L,S,9906,339,7020000
7022,C,,1243,0,7021000
7023,L,B,9980,478,7022000
7024,L,B,10025,351,7023000
7025,L,S,10000,471,7024000
7026,C,,1562,0,7025000
7027,C,,6669,0,7026000
7028,L,S,10135,154,7027000
7029,L,S,9921,327,7028000
7030,L,B,9924,252,7029000
7031,L,S,10019,257,7030000
7032,L,S,10050,330,7031000
7033,L,B,10052,169,7032000
7034,M,S,0,38,7033000
7035,L,S,9981,375,7034000
7036,L,S,10017,295,7035000
7037,L,B,9818,307,7036000
7038,L,S,10037,139,7037000
7039,L,S,9969,228,7038000
7040,L,S,10062,408,7039000
7041,L,S,9829,439,7040000
7042,L,S,9955,79,7041000
7043,L,S,10079,294,7042000
7044,C,,3924,0,7043000
7045,L,B,10026,4,7044000
7046,L,B,10087,351,7045000
7047,L,S,9937,170,7046000
7048,L,S,10055,385,7047000
7049,M,S,0,46,7048000
7050,L,S,9981,131,7049000
7051,L,B,10065,229,7050000
7052,L,S,10002,213,7051000
7053,M,S,0,38,7052000
7054,M,B,0,54,7053000
7055,L,B,10032,132,7054000
7056,C,,2684,0,7055000
7057,L,S,10025,314,7056000
7058,L,B,10080,104,7057000
7059,L,B,10101,274,7058000
7060,C,,301,0,7059000
7061,L,B,9969,22,7060000
7062,M,B,0,32,7061000
7063,L,B,10068,319,7062000
7064,L,S,10026,330,7063000
7065,L,B,10037,409,7064000
7066,M,S,0,70,7065000
7067,L,S,10089,447,7066000
7068,L,B,10017,138,7067000
7069,M,B,0,99,7068000
7070,L,B,9930,445,7069000
7071,M,S,0,74,7070000
7072,C,,1544,0,7071000
7073,M,B,0,20,7072000
7074,L,B,9944,186,7073000
7075,L,B,10058,22,7074000
7076,L,B,10004,395,7075000
7077,L,S,9976,8,7076000
7078,L,B,10075,328,7077000
7079,C,,5105,0,7078000
7080,L,B,9936,390,7079000
7081,L,B,10107,222,7080000
7082,L,S,10000,447,7081000
7083,M,B,0,30,7082000
7084,C,,3456,0,7083000
7085,C,,5296,0,7084000
7086,C,,1601,0,7085000
7087,L,B,10037,431,7086000
7088,C,,4347,0,7087000
7089,L,B,10029,381,7088000
7090,L,B,10007,147,7089000
7091,L,B,9872,59,7090000
7092,M,B,0,55,7091000
7093,M,S,0,88,7092000
7094,L,B,9895,2,7093000
7095,L,S,10062,403,7094000
7096,L,S,10066,357,7095000
7097,L,S,10054,126,7096000
7098,L,B,10043,498,7097000
7099,C,,450,0,7098000
7100,M,B,0,71,7099000
7101,L,S,9987,430,7100000
7102,L,S,10072,108,7101000
7103,L,S,10001,207,7102000
7104,L,S,10004,337,7103000
7105,C,,5838,0,7104000
7106,L,B,10057,409,7105000
7107,M,B,0,65,7106000
7108,L,S,9861,454,7107000
7109,L,B,9970,319,7108000
7110,L,S,10048,478,7109000
7111,L,B,10071,113,7110000
7112,M,B,0,80,7111000
7113,L,S,10079,78,7112000
7114,C,,2431,0,7113000
7115,L,S,10098,408,7114000
7116,M,B,0,35,7115000
7117,C,,6061,0,7116000
7118,L,S,10036,29,7117000
7119,M,S,0,60,7118000
7120,C,,5160,0,7119000
7121,L,B,9950,255,7120000
7122,L,B,9949,269,7121000
7123,L,S,10054,351,7122000
7124,L,B,9938,108,7123000
7125,L,B,9950,309,7124000
7126,L,S,9971,190,7125000
7127,L,S,9985,208,7126000
7128,M,B,0,34,7127000
7129,L,B,9936,106,7128000
7130,L,S,10098,205,7129000
7131,L,B,9975,205,7130000
7132,M,B,0,81,7131000
7133,M,S,0,81,7132000
7134,M,S,0,71,7133000
7135,C,,4919,0,7134000
7136,L,S,9950,330,7135000
7137,L,S,9934,391,7136000
7138,L,S,10006,424,7137000
7139,L,S,9986,199,7138000
7140,M,S,0,77,7139000
7141,L,B,9966,247,7140000
7142,M,S,0,19,7141000
7143,L,S,10009,119,7142000
7144,L,S,9847,224,7143000
7145,M,S,0,59,7144000
7146,C,,2538,0,7145000
7147,M,B,0,63,7146000
7148,L,S,9990,212,7147000
7149,C,,6495,0,7148000
7150,M,B,0,25,7149000
7151,L,S,10076,121,7150000
7152,M,S,0,85,7151000
7153,C,,2344,0,7152000
7154,L,B,10006,324,7153000
7155,L,S,9959,17,7154000
7156,L,S,10091,269,7155000
7157,L,S,10033,141,7156000
7158,M,B,0,6,7157000
7159,L,S,9968,276,7158000
7160,L,S,9979,248,7159000
7161,C,,5648,0,7160000
7162,C,,1223,0,7161000
7163,M,S,0,83,7162000
7164,M,S,0,26,7163000
7165,L,S,10053,59,7164000
7166,L,S,10048,309,7165000
7167,L,B,9896,328,7166000
7168,L,S,9939,448,7167000
7169,C,,2467,0,7168000
7170,L,B,9945,399,7169000
7171,L,B,9949,500,7170000
7172,L,S,9996,13,7171000
7173,C,,2466,0,7172000
7174,M,B,0,55,7173000
7175,C,,6689,0,7174000
7176,L,B,10084,246,7175000
7177,L,B,9965,339,7176000
7178,L,B,9932,232,7177000
7179,M,B,0,91,7178000
7180,M,S,0,30,7179000
7181,L,B,9962,287,7180000
7182,M,B,0,5,7181000
7183,L,S,9969,362,7182000
7184,M,S,0,30,7183000
7185,L,B,10055,193,7184000
7186,C,,6202,0,7185000
7187,L,S,9965,127,7186000
7188,L,S,9964,13,7187000
7189,C,,2263,0,7188000
7190,L,S,10059,200,7189000
7191,L,B,9914,381,7190000
7192,L,B,9995,322,7191000
7193,L,S,10027,473,7192000
7194,C,,1372,0,7193000
7195,L,B,9916,460,7194000
7196,L,S,10138,49,7195000
7197,L,S,9903,457,7196000
7198,C,,2437,0,7197000
7199,M,B,0,36,7198000
7200,M,B,0,8,7199000
7201,M,B,0,72,7200000
7202,L,B,9874,231,7201000
7203,L,S,10084,441,7202000
7204,L,B,10087,341,7203000
7205,L,B,10046,416,7204000
7206,L,S,10148,325,7205000
7207,L,S,10105,300,7206000
7208,L,S,10019,60,7207000
7209,L,B,9948,308,7208000
7210,M,S,0,53,7209000
7211,L,B,10051,72,7210000
7212,C,,6282,0,7211000
7213,L,B,10075,17,7212000
7214,L,S,10144,66,7213000
7215,L,S,10017,279,7214000
7216,L,S,10090,107,7215000
7217,M,S,0,71,7216000
7218,L,B,9932,49,7217000
7219,L,B,10085,37,7218000
7220,L,S,9989,141,7219000
7221,L,S,10066,109,7220000
7222,L,S,10052,203,7221000
7223,C,,4105,0,7222000
7224,C,,1614,0,7223000
7225,C,,3644,0,7224000
7226,M,B,0,50,7225000
7227,L,S,10021,195,7226000
7228,L,S,10012,464,7227000
7229,L,S,9939,325,7228000
7230,L,S,10023,351,7229000
7231,L,S,10035,135,7230000
7232,M,B,0,6,7231000
7233,L,S,10146,281,7232000
7234,L,S,9971,381,7233000
7235,M,B,0,94,7234000
7236,M,B,0,35,7235000
7237,M,S,0,33,7236000
7238,C,,3828,0,7237000
7239,L,B,10040,1,7238000
7240,L,S,9975,490,7239000
7241,L,B,9959,379,7240000
7242,M,B,0,62,7241000
7243,L,S,10049,77,7242000
7244,L,B,9971,270,7243000
7245,L,S,9917,163,7244000
7246,L,B,9980,299,7245000
7247,L,B,9949,254,7246000
7248,M,B,0,66,7247000
7249,L,S,10026,31,7248000
7250,L,S,9926,246,7249000
7251,C,,1049,0,7250000
7252,L,S,9929,129,7251000
7253,L,B,10140,212,7252000
7254,L,B,10023,281,7253000
7255,L,B,9927,24,7254000
7256,L,B,9931,66,7255000
7257,L,B,9990,28,7256000
7258,L,S,10019,220,7257000
7259,M,S,0,32,7258000
7260,C,,6121,0,7259000
7261,L,S,9969,92,7260000
7262,M,B,0,52,7261000
7263,L,B,10158,222,7262000
7264,C,,5638,0,7263000
7265,M,B,0,90,7264000
7266,L,B,10056,426,7265000
7267,L,B,10045,79,7266000
7268,L,B,10031,19,7267000
7269,L,B,9963,73,7268000
7270,L,S,10080,206,7269000
7271,L,B,10046,66,7270000
7272,L,B,9935,20,7271000
7273,L,B,10060,95,7272000
7274,M,B,0,49,7273000
7275,L,B,9936,492,7274000
7276,M,S,0,6,7275000
7277,C,,1361,0,7276000
7278,M,B,0,40,7277000
7279,L,S,10033,187,7278000
7280,L,B,10089,499,7279000
7281,L,B,10003,172,7280000
7282,M,B,0,37,7281000
7283,L,B,10089,96,7282000
7284,L,B,10030,220,7283000
7285,M,B,0,75,7284000
7286,L,B,9914,138,7285000
7287,L,B,10060,127,7286000
7288,L,B,9848,344,7287000
7289,L,S,10023,294,7288000
7290,L,S,9952,91,7289000
7291,L,S,9922,48,7290000
7292,L,B,10099,197,7291000
7293,C,,3866,0,7292000
7294,L,B,10030,392,7293000
7295,C,,1799,0,7294000
7296,L,B,9957,328,7295000
7297,L,S,9952,137,7296000
7298,L,S,10028,113,7297000
7299,L,S,9988,450,7298000
7300,L,S,9963,139,7299000
7301,C,,3780,0,7300000
7302,L,B,10004,298,7301000
7303,M,S,0,53,7302000
7304,L,S,10045,393,7303000
7305,L,S,10000,104,7304000
7306,C,,6047,0,7305000
7307,M,B,0,76,7306000
7308,L,B,9962,244,7307000
7309,L,S,10067,215,7308000
7310,C,,6290,0,7309000
7311,L,S,9922,166,7310000
7312,L,S,9981,257,7311000
7313,M,B,0,74,7312000
7314,L,S,10081,202,7313000
7315,M,B,0,73,7314000
7316,L,S,9917,389,7315000
7317,L,S,9926,213,7316000
7318,L,S,9964,52,7317000
7319,L,S,9931,336,7318000
7320,L,B,10014,413,7319000
7321,L,B,10002,31,7320000
7322,L,B,10002,49,7321000
7323,L,S,9995,418,7322000
7324,L,S,9980,72,7323000
7325,L,B,9918,107,7324000
7326,L,S,10066,101,7325000
7327,L,B,9992,396,7326000
7328,L,B,9921,384,7327000
7329,L,S,9901,85,7328000
7330,L,S,9962,470,7329000
7331,M,S,0,59,7330000
7332,L,S,10056,441,7331000
7333,M,S,0,39,7332000
7334,L,B,9929,341,7333000
7335,L,S,9966,93,7334000
7336,L,S,9959,236,7335000
7337,L,B,10037,345,7336000
7338,L,S,9956,113,7337000
7339,L,B,9986,490,7338000
7340,L,B,10019,59,7339000
7341,L,S,9916,291,7340000
7342,L,S,10109,100,7341000
7343,L,B,10023,140,7342000
7344,L,S,9934,410,7343000
7345,L,S,10037,274,7344000
7346,M,B,0,73,7345000
7347,L,S,10020,37,7346000
7348,C,,4559,0,7347000
7349,L,B,10012,129,7348000
7350,C,,1119,0,7349000
7351,L,B,9981,303,7350000
7352,M,B,0,4,7351000
7353,L,B,10095,461,7352000
7354,C,,7231,0,7353000
7355,C,,1737,0,7354000
7356,L,S,9940,61,7355000
7357,L,S,10034,17,7356000
7358,M,B,0,80,7357000
7359,L,B,10102,395,7358000
7360,L,S,10130,381,7359000
7361,C,,3074,0,7360000
7362,L,S,10045,102,7361000
7363,L,B,9999,245,7362000
7364,L,S,9843,303,7363000
7365,L,S,10014,196,7364000
7366,L,B,9870,453,7365000
7367,L,B,10015,105,7366000
7368,C,,6535,0,7367000
7369,M,S,0,40,7368000
7370,C,,6745,0,7369000
7371,L,B,10082,3,7370000
7372,L,S,9945,285,7371000
7373,M,B,0,12,7372000
7374,L,S,9909,163,7373000
7375,L,B,10023,357,7374000
7376,L,S,10016,435,7375000
7377,L,B,10069,151,7376000
7378,C,,2099,0,7377000
7379,L,B,10006,471,7378000
7380,L,B,9974,497,7379000
7381,L,S,10063,147,7380000
7382,L,S,10060,61,7381000
7383,L,S,10043,472,7382000
7384,L,B,10022,211,7383000
7385,L,B,9966,209,7384000
7386,L,S,9944,173,7385000
7387,L,B,10003,160,7386000
7388,C,,79,0,7387000
7389,L,B,9922,250,7388000
7390,M,B,0,91,7389000
7391,L,S,9985,270,7390000
7392,C,,3539,0,7391000
7393,L,S,9949,260,7392000
7394,L,S,10004,190,7393000
7395,L,S,10022,359,7394000
7396,M,B,0,45,7395000
7397,C,,7377,0,7396000
7398,L,B,10009,75,7397000
7399,C,,2068,0,7398000
7400,L,S,9945,234,7399000
7401,L,B,10004,188,7400000
7402,L,B,9937,5,7401000
7403,L,S,10114,335,7402000
7404,C,,1340,0,7403000
7405,M,B,0,49,7404000
7406,L,S,10065,216,7405000
7407,C,,2729,0,7406000
7408,L,S,9887,449,7407000
7409,L,S,10040,417,7408000
7410,L,S,10049,498,7409000
7411,M,B,0,18,7410000
7412,L,B,10019,209,7411000
7413,L,S,10047,406,7412000
7414,M,B,0,19,7413000
7415,L,B,10039,285,7414000
7416,L,B,9990,80,7415000
7417,L,B,10058,311,7416000
7418,L,B,10029,372,7417000
7419,M,B,0,78,7418000
7420,M,B,0,14,7419000
7421,M,S,0,45,7420000
7422,M,S,0,100,7421000
7423,L,B,10000,400,7422000
7424,C,,1681,0,7423000
7425,L,S,9874,4,7424000
7426,M,B,0,16,7425000
7427,L,S,9918,185,7426000
7428,C,,5037,0,7427000
7429,C,,5350,0,7428000
7430,M,S,0,4,7429000
7431,L,S,10008,154,7430000
7432,L,B,9989,444,7431000
7433,M,B,0,39,7432000
7434,L,B,10006,262,7433000
7435,M,B,0,84,7434000
7436,L,B,9884,210,7435000
7437,M,B,0,81,7436000
7438,L,B,10068,285,7437000
7439,C,,2426,0,7438000
7440,L,B,10040,177,7439000
7441,L,S,9891,345,7440000
7442,C,,4374,0,7441000
7443,L,S,9864,342,7442000
7444,L,B,9943,368,7443000
7445,L,S,9910,463,7444000
7446,L,S,9991,417,7445000
7447,L,B,9994,177,7446000
7448,C,,6564,0,7447000
7449,L,S,9996,389,7448000
7450,L,S,9988,378,7449000
7451,L,B,10084,26,7450000
7452,M,B,0,20,7451000
7453,L,S,9982,220,7452000
7454,L,B,10057,236,7453000
7455,L,B,10017,140,7454000
7456,L,S,10050,228,7455000
7457,L,S,10029,215,7456000
7458,M,B,0,76,7457000
7459,C,,760,0,7458000
7460,L,B,10053,246,7459000
7461,M,S,0,21,7460000
7462,L,S,10006,152,7461000
7463,L,B,10068,93,7462000
7464,L,S,9888,5,7463000
7465,L,S,10002,129,7464000
7466,L,B,10036,3,7465000
7467,M,B,0,59,7466000
7468,M,B,0,93,7467000
7469,L,B,10063,168,7468000
7470,L,B,9936,145,7469000
7471,M,S,0,4,7470000
7472,L,S,9940,84,7471000
7473,L,B,9975,32,7472000
7474,L,S,10006,407,7473000
7475,L,S,10036,184,7474000
7476,L,B,10082,472,7475000
7477,M,S,0,29,7476000
7478,L,B,10047,425,7477000
7479,L,B,10055,317,7478000
7480,L,B,10126,51,7479000
7481,L,S,9899,14,7480000
7482,L,B,9927,278,7481000
7483,C,,2003,0,7482000
7484,C,,3552,0,7483000
7485,M,S,0,52,7484000
7486,L,B,10079,203,7485000
7487,L,B,9902,182,7486000
7488,M,S,0,16,7487000
7489,M,S,0,65,7488000
7490,L,S,10058,95,7489000
7491,L,B,9977,344,7490000
7492,L,B,10003,192,7491000
7493,L,B,10049,250,7492000
7494,L,B,10013,363,7493000
7495,L,B,10004,51,7494000
7496,L,B,9944,347,7495000
7497,L,B,10089,264,7496000
7498,M,B,0,77,7497000
7499,L,S,9919,461,7498000
7500,L,B,9956,407,7499000
7501,M,S,0,28,7500000
7502,L,B,10094,240,7501000
7503,L,S,9978,394,7502000
7504,L,B,9974,429,7503000
7505,L,B,10105,379,7504000
7506,L,B,10001,315,7505000
7507,M,B,0,11,7506000
7508,M,S,0,55,7507000
7509,C,,6099,0,7508000
7510,L,B,9957,91,7509000
7511,M,S,0,98,7510000
7512,L,B,10008,45,7511000
7513,M,S,0,62,7512000
7514,L,B,9962,38,7513000
7515,M,S,0,20,7514000
7516,L,B,10057,281,7515000
7517,M,B,0,50,7516000
7518,L,B,10049,219,7517000
7519,L,B,10058,64,7518000
7520,L,S,10082,37,7519000
7521,C,,3684,0,7520000
7522,M,S,0,37,7521000
7523,L,B,10014,43,7522000
7524,L,B,10076,160,7523000
7525,L,B,10046,426,7524000
7526,L,S,9982,292,7525000
7527,M,S,0,90,7526000
7528,L,B,9986,133,7527000
7529,L,S,9958,321,7528000
7530,L,B,9974,246,7529000
7531,M,S,0,34,7530000
7532,L,S,9978,104,7531000
7533,M,B,0,44,7532000
7534,L,S,9976,269,7533000
7535,L,B,10038,399,7534000
7536,L,S,10047,84,7535000
7537,M,B,0,24,7536000
7538,L,S,9890,449,7537000
7539,L,S,10034,94,7538000
7540,C,,3186,0,7539000
7541,C,,2405,0,7540000
7542,C,,7356,0,7541000
7543,L,S,10014,188,7542000
7544,M,B,0,97,7543000
7545,L,B,9931,262,7544000
7546,L,B,10043,85,7545000
7547,L,S,9985,62,7546000
7548,L,B,10062,71,7547000
7549,L,S,9845,215,7548000
7550,L,S,9917,171,7549000
7551,C,,1666,0,7550000
7552,M,B,0,54,7551000
7553,M,S,0,54,7552000
7554,M,B,0,30,7553000
7555,M,S,0,79,7554000
7556,L,S,9994,444,7555000
7557,L,B,10136,57,7556000
7558,L,S,9921,96,7557000
7559,L,B,9881,458,7558000
7560,L,S,10097,359,7559000
7561,M,S,0,37,7560000
7562,C,,4585,0,7561000
7563,M,B,0,18,7562000
7564,L,S,9879,150,7563000
7565,M,B,0,4,7564000
7566,L,S,9971,232,7565000
7567,L,S,9995,484,7566000
7568,C,,1673,0,7567000
7569,M,B,0,83,7568000
7570,M,B,0,8,7569000
7571,C,,6033,0,7570000
7572,M,B,0,92,7571000
7573,C,,4557,0,7572000
7574,L,S,10044,323,7573000
7575,L,B,10003,442,7574000
7576,M,S,0,55,7575000
7577,L,B,10137,423,7576000
7578,L,S,9990,431,7577000
7579,L,S,9976,471,7578000
7580,L,B,9951,130,7579000
7581,M,S,0,27,7580000
7582,L,S,9936,296,7581000
7583,L,S,10034,261,7582000
7584,L,S,9935,371,7583000
7585,M,B,0,27,7584000
7586,L,S,9983,328,7585000
7587,M,S,0,37,7586000
7588,C,,7167,0,7587000
7589,C,,1547,0,7588000
7590,L,S,10046,367,7589000
7591,M,B,0,25,7590000
7592,L,S,9974,391,7591000
7593,C,,7359,0,7592000
7594,L,B,10092,456,7593000
7595,C,,973,0,7594000
7596,L,B,10029,201,7595000
7597,L,B,10085,459,7596000
7598,M,B,0,7,7597000
7599,L,S,9938,261,7598000
7600,L,S,9995,327,7599000
7601,L,B,9946,140,7600000
7602,L,B,9941,39,7601000
7603,M,S,0,25,7602000
7604,L,S,10052,141,7603000
7605,L,B,9979,259,7604000
7606,L,B,10054,328,7605000
7607,L,S,9943,145,7606000
7608,L,B,9995,418,7607000
7609,L,B,10128,20,7608000
7610,L,B,10082,467,7609000
7611,M,B,0,78,7610000
7612,L,S,9978,53,7611000
7613,L,B,9927,265,7612000
7614,C,,4072,0,7613000
7615,C,,4781,0,7614000
7616,C,,1364,0,7615000
7617,L,S,10030,183,7616000
7618,L,S,9942,104,7617000
7619,M,B,0,9,7618000
7620,L,B,9994,497,7619000
7621,C,,2303,0,7620000
7622,L,B,10014,330,7621000
7623,L,S,9937,77,7622000
7624,L,B,10033,488,7623000
7625,L,B,9937,261,7624000
7626,L,B,9905,205,7625000
7627,M,B,0,100,7626000
7628,M,B,0,6,7627000
7629,L,B,10060,220,7628000
7630,L,S,9860,107,7629000
7631,L,S,10011,264,7630000
7632,L,B,10036,423,7631000
7633,L,B,9934,416,7632000
7634,L,B,10059,36,7633000
7635,L,S,9991,65,7634000
7636,C,,3646,0,7635000
7637,C,,4108,0,7636000
7638,L,B,9962,412,7637000
7639,L,S,10007,470,7638000
7640,L,B,9998,454,7639000
7641,M,B,0,59,7640000
7642,M,B,0,92,7641000
7643,M,S,0,61,7642000
7644,L,S,10031,450,7643000
7645,M,B,0,41,7644000
7646,L,S,9990,335,7645000
7647,L,B,10090,5,7646000
7648,L,B,10000,38,7647000
7649,L,B,10022,152,7648000
7650,M,B,0,87,7649000
7651,C,,3485,0,7650000
7652,M,B,0,89,7651000
7653,M,S,0,13,7652000
7654,M,S,0,92,7653000
7655,C,,7538,0,7654000
7656,L,S,9972,324,7655000
7657,L,B,9983,396,7656000
7658,L,S,9932,209,7657000
7659,L,S,9990,438,7658000
7660,L,B,9936,137,7659000
7661,L,S,9974,422,7660000
7662,M,S,0,87,7661000
7663,L,S,10029,101,7662000
7664,M,S,0,89,7663000
7665,L,S,9902,125,7664000
7666,C,,6078,0,7665000
7667,L,B,9947,355,7666000
7668,L,S,9901,172,7667000
7669,L,S,10053,59,7668000
7670,L,S,10100,23,7669000
7671,L,S,10023,466,7670000
7672,L,B,9965,179,7671000
7673,L,S,10000,343,7672000
7674,L,B,9963,285,7673000
7675,C,,2268,0,7674000
7676,L,B,10062,257,7675000
7677,M,B,0,12,7676000
7678,L,B,9932,47,7677000
7679,M,B,0,91,7678000
7680,L,B,9968,325,7679000
7681,L,B,10059,12,7680000
7682,C,,1141,0,7681000
7683,C,,7648,0,7682000
7684,L,B,9894,337,7683000
7685,L,B,10006,202,7684000
7686,L,B,9964,456,7685000
7687,L,B,9982,149,7686000
7688,L,S,9903,353,7687000
7689,C,,5906,0,7688000
7690,M,B,0,51,7689000
7691,M,B,0,86,7690000
7692,M,S,0,41,7691000
7693,L,B,10005,422,7692000
7694,L,S,9947,206,7693000
7695,C,,2270,0,7694000
7696,M,S,0,90,7695000
7697,M,S,0,41,7696000
7698,C,,6983,0,7697000
7699,M,B,0,77,7698000
7700,M,S,0,26,7699000
7701,M,B,0,8,7700000
7702,L,B,10116,302,7701000
7703,L,S,10039,267,7702000
7704,L,B,10121,273,7703000
7705,C,,1985,0,7704000
7706,L,S,9953,119,7705000
7707,L,S,10076,483,7706000
7708,L,B,10032,350,7707000
7709,L,S,10049,113,7708000
7710,L,B,10015,46,7709000
7711,L,B,10071,13,7710000
7712,L,S,10130,72,7711000
7713,C,,5903,0,7712000
7714,L,S,9889,390,7713000
7715,L,S,10156,458,7714000
7716,M,B,0,59,7715000
7717,M,S,0,92,7716000
7718,L,S,10018,179,7717000
7719,M,S,0,87,7718000
7720,M,B,0,79,7719000
7721,L,S,9979,310,7720000
7722,L,S,10029,300,7721000
7723,C,,6370,0,7722000
7724,L,S,9997,311,7723000
7725,L,S,9994,15,7724000
7726,M,B,0,63,7725000
7727,L,S,9938,51,7726000
7728,L,B,10023,272,7727000
7729,L,S,9975,210,7728000
7730,C,,4172,0,7729000
7731,L,S,9993,374,7730000
7732,M,S,0,82,7731000
7733,L,S,9988,89,7732000
7734,L,B,9935,426,7733000
7735,M,B,0,90,7734000
7736,M,B,0,51,7735000
7737,L,B,10029,419,7736000
7738,L,B,10078,457,7737000
7739,M,S,0,1,7738000
7740,L,S,9955,124,7739000
7741,M,S,0,14,7740000
7742,L,B,9927,223,7741000
7743,L,S,10010,254,7742000
7744,L,B,10077,190,7743000
7745,C,,4906,0,7744000
7746,L,B,9876,38,7745000
7747,C,,7607,0,7746000
7748,C,,1481,0,7747000
7749,M,B,0,100,7748000
7750,L,B,9925,489,7749000
7751,M,S,0,46,7750000
7752,C,,3511,0,7751000
7753,M,S,0,57,7752000
7754,L,B,9957,158,7753000
7755,L,B,10044,23,7754000
7756,L,S,9955,135,7755000
7757,L,S,10068,288,7756000
7758,M,B,0,82,7757000
7759,L,B,10147,120,7758000
7760,L,S,9990,53,7759000
7761,M,B,0,82,7760000
7762,L,S,9994,201,7761000
7763,M,B,0,36,7762000
7764,L,S,10097,308,7763000
7765,L,S,10014,83,7764000
7766,L,B,9903,325,7765000
7767,L,B,9925,454,7766000
7768,L,S,9957,482,7767000
7769,L,B,10000,89,7768000
7770,C,,5742,0,7769000
7771,M,B,0,90,7770000
7772,M,B,0,31,7771000
7773,L,S,9859,358,7772000
7774,M,B,0,89,7773000
7775,L,S,9840,142,7774000
7776,L,S,10061,209,7775000
7777,M,S,0,33,7776000
7778,L,B,9985,463,7777000
7779,L,B,9970,191,7778000
7780,L,B,9960,34,7779000
7781,L,S,10144,340,7780000
7782,M,B,0,66,7781000
7783,L,S,9891,138,7782000
7784,L,S,9879,339,7783000
7785,C,,3533,0,7784000
7786,M,S,0,81,7785000
7787,L,B,9951,254,7786000
7788,L,S,10038,124,7787000
7789,L,S,9930,416,7788000
7790,L,B,9852,462,7789000
7791,L,B,10027,396,7790000
7792,C,,3969,0,7791000
7793,M,S,0,28,7792000
7794,M,S,0,39,7793000
7795,L,S,9919,173,7794000
7796,C,,460,0,7795000
7797,L,S,10037,405,7796000
7798,L,S,9932,306,7797000
7799,L,B,10081,238,7798000
7800,L,S,10041,89,7799000
7801,C,,6461,0,7800000
7802,L,B,10013,24,7801000
7803,M,B,0,95,7802000
7804,L,B,10057,326,7803000
7805,M,B,0,81,7804000
7806,C,,113,0,7805000
7807,L,S,9990,33,7806000
7808,L,B,10032,20,7807000
7809,M,S,0,82,7808000
7810,L,S,9999,12,7809000
7811,M,S,0,13,7810000
7812,L,B,10027,238,7811000
7813,L,S,9976,352,7812000
7814,M,B,0,29,7813000
7815,M,S,0,98,7814000
7816,L,B,9975,58,7815000
7817,L,S,9858,295,7816000
7818,L,S,10031,454,7817000
7819,L,B,10054,283,7818000
7820,L,S,10100,177,7819000
7821,L,B,9933,187,7820000
7822,L,S,9906,179,7821000
7823,L,S,9967,133,7822000
7824,L,B,10087,466,7823000
7825,L,S,10023,166,7824000
7826,L,B,10046,425,7825000
7827,L,S,9968,113,7826000
7828,M,S,0,98,7827000
7829,L,B,9970,234,7828000
7830,L,B,9992,198,7829000
7831,L,S,10056,426,7830000
7832,L,S,9919,369,7831000
7833,M,S,0,22,7832000
7834,M,B,0,13,7833000
7835,L,B,9919,262,7834000
7836,C,,5774,0,7835000
7837,L,B,9994,302,7836000
7838,L,B,9975,427,7837000
7839,L,B,9988,433,7838000
7840,L,S,9987,382,7839000
7841,L,B,10022,172,7840000
7842,L,B,9934,74,7841000
7843,C,,1489,0,7842000
7844,C,,6108,0,7843000
7845,M,B,0,87,7844000
7846,M,S,0,98,7845000
7847,L,S,9941,424,7846000
7848,M,S,0,68,7847000
7849,C,,3157,0,7848000
7850,L,S,10046,78,7849000
7851,L,B,10029,418,7850000
7852,L,B,10096,284,7851000
7853,L,S,10028,55,7852000
7854,L,B,9959,194,7853000
7855,L,S,10049,33,7854000
7856,L,B,9907,322,7855000
7857,L,S,9941,267,7856000
7858,C,,2281,0,7857000
7859,L,B,10047,469,7858000
7860,M,S,0,88,7859000
7861,M,B,0,75,7860000
7862,L,B,9957,329,7861000
7863,L,B,10053,486,7862000
7864,M,B,0,17,7863000
7865,L,S,10070,174,7864000
7866,M,S,0,28,7865000
7867,C,,4756,0,7866000
7868,L,B,9990,28,7867000
7869,M,B,0,80,7868000
7870,L,B,9975,282,7869000
7871,L,S,10052,112,7870000
7872,M,B,0,62,7871000
7873,L,B,10026,71,7872000
7874,L,S,9929,150,7873000
7875,L,S,10005,317,7874000
7876,M,B,0,26,7875000
7877,L,B,10115,91,7876000
7878,L,S,10038,194,7877000
7879,M,S,0,72,7878000
7880,L,S,10083,159,7879000
7881,L,S,9929,88,7880000
7882,L,S,9936,122,7881000
7883,L,B,10019,5,7882000
7884,L,S,10018,354,7883000
7885,L,B,10065,321,7884000
7886,L,S,10071,278,7885000
7887,L,B,10093,455,7886000
7888,L,S,10027,25,7887000
7889,C,,3205,0,7888000
7890,L,B,10030,193,7889000
7891,L,S,10002,121,7890000
7892,L,S,10004,186,7891000
7893,M,B,0,99,7892000
7894,L,B,9984,345,7893000
7895,L,B,9864,400,7894000
7896,L,B,10026,290,7895000
7897,M,S,0,84,7896000
7898,C,,4535,0,7897000
7899,C,,6339,0,7898000
7900,L,B,9959,384,7899000
7901,L,S,9958,95,7900000
7902,L,B,9944,67,7901000
7903,L,S,10017,243,7902000
7904,C,,4371,0,7903000
7905,L,B,10012,288,7904000
7906,L,S,10027,430,7905000
7907,L,B,9905,111,7906000
7908,L,S,10028,400,7907000
7909,L,B,10015,136,7908000
7910,M,B,0,34,7909000
7911,C,,4080,0,7910000
7912,L,B,9953,422,7911000
7913,L,B,10037,220,7912000
7914,L,B,9905,60,7913000
7915,M,S,0,65,7914000
7916,L,B,10033,218,7915000
7917,L,B,10086,392,7916000
7918,M,S,0,57,7917000
7919,L,S,10068,191,7918000
7920,L,B,10068,437,7919000
7921,L,S,10048,422,7920000
7922,C,,1928,0,7921000
7923,M,B,0,84,7922000
7924,C,,6497,0,7923000
7925,C,,5878,0,7924000
7926,L,B,9981,196,7925000
7927,L,B,10063,373,7926000
7928,L,B,9990,235,7927000
7929,L,B,9977,153,7928000
7930,L,S,9961,117,7929000
7931,L,B,10039,273,7930000
7932,M,B,0,54,7931000
7933,L,B,10000,276,7932000
7934,C,,3813,0,7933000
7935,L,S,10057,475,7934000
7936,L,B,9842,2,7935000
7937,L,S,9939,250,7936000
7938,M,S,0,30,7937000
7939,L,B,10062,296,7938000
7940,C,,6413,0,7939000
7941,C,,6614,0,7940000
7942,C,,7694,0,7941000
7943,L,S,9906,86,7942000
7944,L,B,9978,33,7943000
7945,L,B,10041,194,7944000
7946,M,S,0,75,7945000
7947,L,S,10038,144,7946000
7948,L,S,10070,11,7947000
7949,L,B,9963,485,7948000
7950,L,B,9892,424,7949000
7951,L,S,9894,429,7950000
7952,M,S,0,74,7951000
7953,L,B,9983,315,7952000
7954,L,S,9939,70,7953000
7955,L,B,10140,143,7954000
7956,L,B,9965,265,7955000
7957,M,S,0,69,7956000
7958,M,S,0,2,7957000
7959,L,B,10059,324,7958000
7960,M,S,0,91,7959000
7961,L,S,10056,425,7960000
7962,L,S,10038,490,7961000
7963,L,B,10045,386,7962000
7964,L,B,9900,157,7963000
7965,L,B,10067,46,7964000
7966,L,S,9960,270,7965000
7967,C,,6165,0,7966000
7968,L,S,9943,486,7967000
7969,L,B,9967,391,7968000
7970,L,S,9930,253,7969000
7971,L,S,10000,357,7970000
7972,L,B,10033,216,7971000
7973,C,,6758,0,7972000
7974,M,B,0,79,7973000
7975,C,,3355,0,7974000
7976,L,B,9904,435,7975000
7977,L,S,10025,345,7976000
7978,L,B,9958,152,7977000
7979,L,S,9940,216,7978000
7980,C,,6884,0,7979000
7981,C,,5973,0,7980000
7982,L,S,9999,389,7981000
7983,M,B,0,36,7982000
7984,C,,2422,0,7983000
7985,L,B,10097,457,7984000
7986,L,B,9939,140,7985000
7987,L,S,9997,451,7986000
7988,C,,5621,0,7987000
7989,M,S,0,33,7988000
7990,M,S,0,23,7989000
7991,C,,1295,0,7990000
7992,M,S,0,91,7991000
7993,L,S,9942,63,7992000
7994,M,B,0,74,7993000
7995,L,B,10037,396,7994000
7996,L,B,10026,49,7995000
7997,L,B,10046,459,7996000
7998,M,B,0,52,7997000
7999,L,S,10016,397,7998000
8000,C,,644,0,7999000
8001,M,B,0,85,8000000
8002,L,S,9935,323,8001000
8003,L,S,9965,288,8002000
8004,C,,5511,0,8003000
8005,L,B,10059,398,8004000
8006,C,,3358,0,8005000
8007,M,S,0,12,8006000
8008,L,S,10047,35,8007000
8009,C,,2402,0,8008000
8010,C,,4490,0,8009000
8011,L,B,10100,62,8010000
8012,L,B,10018,151,8011000
8013,C,,6149,0,8012000
8014,C,,3150,0,8013000
8015,L,B,10062,139,8014000
8016,L,S,10114,451,8015000
8017,M,S,0,8,8016000
8018,L,S,10019,161,8017000
8019,L,B,10044,457,8018000
8020,L,S,9981,152,8019000
8021,M,S,0,35,8020000
8022,L,S,10049,16,8021000
8023,L,B,10040,4,8022000
8024,M,B,0,53,8023000
8025,L,S,9896,47,8024000
8026,L,S,9979,173,8025000
8027,L,B,10010,314,8026000
8028,M,B,0,40,8027000
8029,L,B,9899,460,8028000
8030,L,B,9975,160,8029000
8031,M,B,0,42,8030000
8032,C,,6021,0,8031000
8033,L,B,10035,441,8032000
8034,L,S,9978,400,8033000
8035,L,S,9976,137,8034000
8036,L,S,10053,90,8035000
8037,L,S,10003,196,8036000
8038,L,S,10065,217,8037000
8039,L,S,9956,276,8038000
8040,L,S,9980,48,8039000
8041,M,S,0,70,8040000
8042,M,B,0,87,8041000
8043,L,S,10014,65,8042000
8044,L,S,10117,77,8043000
8045,L,B,9963,97,8044000
8046,L,B,9930,413,8045000
8047,L,S,9870,132,8046000
8048,L,B,9900,481,8047000
8049,C,,4916,0,8048000
8050,L,S,10000,223,8049000
8051,M,B,0,37,8050000
8052,L,B,10018,288,8051000
8053,L,S,10079,176,8052000
8054,L,B,9972,175,8053000
8055,M,B,0,45,8054000
8056,L,S,9866,268,8055000
8057,M,S,0,78,8056000
8058,L,S,9948,246,8057000
8059,M,S,0,32,8058000
8060,L,S,9867,146,8059000
8061,L,B,9897,50,8060000
8062,M,B,0,43,8061000
8063,L,B,10026,3,8062000
8064,L,S,9924,302,8063000
8065,L,B,9927,479,8064000
8066,L,B,9997,374,8065000
8067,L,B,9878,221,8066000
8068,L,S,10119,297,8067000
8069,L,B,9978,437,8068000
8070,C,,633,0,8069000
8071,C,,7205,0,8070000
8072,L,B,9930,134,8071000
8073,L,S,10149,111,8072000
8074,M,B,0,92,8073000
8075,C,,7381,0,8074000
8076,L,B,10083,425,8075000
8077,L,B,9956,40,8076000
8078,L,S,10086,484,8077000
8079,L,B,9945,289,8078000
8080,C,,3619,0,8079000
8081,L,S,10002,497,8080000
8082,C,,7228,0,8081000
8083,L,B,10154,143,8082000
8084,L,S,9861,331,8083000
8085,L,B,10054,486,8084000
8086,L,B,9932,24,8085000
8087,L,S,10116,408,8086000
8088,L,B,9917,426,8087000
8089,M,S,0,43,8088000
8090,M,B,0,5,8089000
8091,M,B,0,88,8090000
8092,C,,5764,0,8091000
8093,C,,7944,0,8092000
8094,L,B,9911,264,8093000
8095,C,,1688,0,8094000
8096,L,S,10088,128,8095000
8097,L,B,10003,441,8096000
8098,L,B,10110,198,8097000
8099,L,S,10019,44,8098000
8100,L,B,10104,392,8099000
8101,L,S,9957,496,8100000
8102,M,S,0,1,8101000
8103,M,S,0,65,8102000
8104,C,,3079,0,8103000
8105,C,,7935,0,8104000
8106,L,S,10041,389,8105000
8107,L,S,9948,27,8106000
8108,C,,7061,0,8107000
8109,L,B,10044,145,8108000
8110,L,S,9905,194,8109000
8111,M,S,0,30,8110000
8112,L,B,10066,494,8111000
8113,L,B,9936,245,8112000
8114,M,S,0,7,8113000
8115,L,B,10025,64,8114000
8116,C,,5471,0,8115000
8117,L,B,9932,346,8116000
8118,L,B,10016,126,8117000
8119,C,,7343,0,8118000
8120,L,S,9857,284,8119000
8121,C,,7921,0,8120000
8122,M,B,0,64,8121000
8123,C,,6459,0,8122000
8124,L,S,9992,333,8123000
8125,L,B,9940,301,8124000
8126,L,B,10000,384,8125000
8127,L,B,10007,386,8126000
8128,M,B,0,60,8127000
8129,L,B,9987,13,8128000
8130,L,B,10073,240,8129000
8131,L,B,9981,228,8130000
8132,L,B,10099,393,8131000
8133,L,S,10051,31,8132000
8134,L,B,10103,293,8133000
8135,C,,864,0,8134000
8136,M,B,0,46,8135000
8137,M,B,0,96,8136000
8138,L,B,10021,126,8137000
8139,L,S,9952,188,8138000
8140,L,S,10084,468,8139000
8141,L,S,10065,17,8140000
8142,L,S,9975,344,8141000
8143,M,S,0,5,8142000
8144,L,B,10108,36,8143000
8145,L,B,10000,158,8144000
8146,L,S,9955,41,8145000
8147,L,S,10053,257,8146000
8148,L,S,10106,45,8147000
8149,L,S,9817,163,8148000
8150,L,S,9855,206,8149000
8151,L,B,10049,157,8150000
8152,L,B,10079,332,8151000
8153,L,B,10052,1,8152000
8154,L,B,9942,334,8153000
8155,C,,6573,0,8154000
8156,L,B,9967,315,8155000
8157,L,B,10045,308,8156000
8158,L,B,10050,329,8157000
8159,L,B,10024,119,8158000
8160,L,B,10041,361,8159000
8161,L,B,9998,143,8160000
8162,M,S,0,80,8161000
8163,L,B,10012,80,8162000
8164,L,B,10124,273,8163000
8165,L,B,10055,249,8164000
8166,L,S,10020,47,8165000
8167,L,S,10086,257,8166000
8168,L,B,9983,66,8167000
8169,L,B,10053,135,8168000
8170,L,B,10108,86,8169000
8171,C,,4363,0,8170000
8172,M,B,0,29,8171000
8173,M,S,0,69,8172000
8174,C,,6873,0,8173000
8175,L,S,9919,443,8174000
8176,L,B,10050,471,8175000
8177,L,S,10168,97,8176000
8178,L,B,9964,484,8177000
8179,C,,5695,0,8178000
8180,L,B,10037,108,8179000
8181,C,,6327,0,8180000
8182,L,S,9910,176,8181000
8183,C,,1413,0,8182000
8184,M,S,0,91,8183000
8185,C,,1798,0,8184000
8186,C,,6478,0,8185000
8187,L,S,10006,430,8186000
8188,C,,2468,0,8187000
8189,L,B,9967,106,8188000
8190,C,,2216,0,8189000
8191,L,B,9969,391,8190000
8192,C,,2114,0,8191000
8193,L,S,10021,101,8192000
8194,C,,1546,0,8193000
8195,M,S,0,25,8194000
8196,L,S,10005,419,8195000
8197,L,S,10072,190,8196000
8198,L,S,10054,124,8197000
8199,C,,1280,0,8198000
8200,M,S,0,14,8199000
8201,L,S,10081,152,8200000
8202,L,B,10119,371,8201000
8203,L,B,10119,183,8202000
8204,L,S,10069,488,8203000
8205,L,B,10044,152,8204000
8206,L,B,10112,46,8205000
8207,M,B,0,7,8206000
8208,L,S,9924,156,8207000
8209,M,B,0,59,8208000
8210,L,S,10050,222,8209000
8211,L,S,9937,62,8210000
8212,M,S,0,24,8211000
8213,L,B,10123,209,8212000
8214,C,,4994,0,8213000
8215,L,B,9991,317,8214000
8216,C,,2332,0,8215000
8217,L,S,10025,470,8216000
8218,M,B,0,83,8217000
8219,L,S,10140,455,8218000
8220,M,S,0,68,8219000
8221,L,B,10015,129,8220000
8222,L,S,9970,423,8221000
8223,L,B,10020,352,8222000
8224,L,S,9942,88,8223000
8225,M,B,0,80,8224000
8226,L,B,10074,75,8225000
8227,L,B,9989,478,8226000
8228,M,S,0,2,8227000
8229,L,B,10086,339,8228000
8230,M,S,0,82,8229000
8231,L,B,10062,26,8230000
8232,M,B,0,4,8231000
8233,L,S,10069,238,8232000
8234,C,,5001,0,8233000
8235,L,S,9996,98,8234000
8236,L,S,9950,75,8235000
8237,L,B,9928,416,8236000
8238,L,S,10123,263,8237000
8239,C,,653,0,8238000
8240,M,B,0,81,8239000
8241,C,,6799,0,8240000
8242,L,B,9997,406,8241000
8243,C,,3664,0,8242000
8244,L,B,10015,184,8243000
8245,M,S,0,34,8244000
8246,L,S,9968,175,8245000
8247,L,S,9915,132,8246000
8248,C,,8144,0,8247000
8249,C,,8167,0,8248000
8250,L,B,9983,49,8249000
8251,C,,5871,0,8250000
8252,L,B,9959,413,8251000
8253,L,S,9921,262,8252000
8254,L,S,10003,178,8253000
8255,L,S,10092,122,8254000
8256,L,B,9987,491,8255000
8257,L,S,10027,303,8256000
8258,L,B,9976,51,8257000
8259,M,S,0,72,8258000
8260,L,S,9912,341,8259000
8261,M,S,0,11,8260000
8262,M,S,0,28,8261000
8263,L,B,10010,63,8262000
8264,M,S,0,67,8263000
8265,L,S,9978,87,8264000
8266,C,,5332,0,8265000
8267,L,S,10044,386,8266000
8268,L,B,9981,186,8267000
8269,L,B,9992,288,8268000
8270,L,B,10090,243,8269000
8271,L,B,10059,289,8270000
8272,L,B,9964,5,8271000
8273,M,B,0,66,8272000
8274,M,B,0,81,8273000
8275,L,S,9945,428,8274000
8276,M,B,0,85,8275000
8277,L,S,9934,340,8276000
8278,L,B,10072,454,8277000
8279,L,S,9971,390,8278000
8280,M,S,0,20,8279000
8281,L,B,9860,224,8280000
8282,C,,6064,0,8281000
8283,L,S,9948,249,8282000
8284,C,,8053,0,8283000
8285,L,S,9886,205,8284000
8286,L,S,10034,376,8285000
8287,L,B,10176,295,8286000
8288,L,B,10011,42,8287000
8289,C,,5776,0,8288000
8290,C,,5891,0,8289000
8291,L,B,10094,258,8290000
8292,M,B,0,69,8291000
8293,M,S,0,12,8292000
8294,C,,1540,0,8293000
8295,M,B,0,68,8294000
8296,L,S,10063,166,8295000
8297,M,S,0,84,8296000
8298,L,S,9970,253,8297000
8299,L,B,9993,404,8298000
8300,L,S,10067,399,8299000
8301,L,B,10051,272,8300000
8302,L,B,10043,370,8301000
8303,L,S,9959,378,8302000
8304,L,B,9982,428,8303000
8305,L,S,10014,378,8304000
8306,L,B,9976,328,8305000
8307,L,S,10049,389,8306000
8308,L,S,10064,157,8307000
8309,M,S,0,62,8308000
8310,L,S,9927,131,8309000
8311,L,S,9967,489,8310000
8312,L,S,9983,5,8311000
8313,M,B,0,39,8312000
8314,L,B,10000,438,8313000
8315,L,B,10000,452,8314000
8316,L,B,9936,383,8315000
8317,L,S,9976,451,8316000
8318,L,B,10047,79,8317000
8319,C,,1025,0,8318000
8320,L,B,10095,423,8319000
8321,C,,2946,0,8320000
8322,L,B,9879,171,8321000
8323,M,B,0,90,8322000
8324,C,,5466,0,8323000
8325,L,B,9969,272,8324000
8326,M,B,0,57,8325000
8327,M,S,0,20,8326000
8328,M,B,0,6,8327000
8329,L,B,9978,452,8328000
8330,C,,5767,0,8329000
8331,M,S,0,84,8330000
8332,M,B,0,32,8331000
8333,C,,8087,0,8332000
8334,L,S,9973,82,8333000
8335,L,B,9992,112,8334000
8336,C,,6454,0,8335000
8337,L,S,9989,2,8336000
8338,L,S,10110,427,8337000
8339,L,B,9946,458,8338000
8340,L,S,10082,52,8339000
8341,L,B,9937,79,8340000
8342,L,S,10006,154,8341000
8343,L,B,10011,345,8342000
8344,L,S,9941,318,8343000
8345,L,S,9977,400,8344000
8346,L,S,9956,244,8345000
8347,L,B,9932,299,8346000
8348,C,,7886,0,8347000
8349,L,B,10093,372,8348000
8350,L,S,9976,157,8349000
8351,L,S,9909,275,8350000
8352,L,B,9965,289,8351000
8353,L,B,10058,2,8352000
8354,M,B,0,79,8353000
8355,C,,1329,0,8354000
8356,L,S,9981,58,8355000
8357,L,B,9948,238,8356000
8358,L,S,9984,487,8357000
8359,L,B,9973,233,8358000
8360,C,,5309,0,8359000
8361,L,B,9937,338,8360000
8362,L,S,9895,69,8361000
8363,L,S,9924,206,8362000
8364,L,B,10015,139,8363000
8365,L,S,9971,274,8364000
8366,L,S,10002,240,8365000
8367,L,S,10076,275,8366000
8368,L,B,10107,283,8367000
8369,L,S,10000,429,8368000
8370,L,S,9883,155,8369000
8371,M,B,0,65,8370000
8372,L,B,10112,466,8371000
8373,L,S,10032,322,8372000
8374,L,S,9959,380,8373000
8375,M,S,0,82,8374000
8376,L,B,10026,10,8375000
8377,L,B,10079,228,8376000
8378,L,B,9800,374,8377000
8379,C,,7995,0,8378000
8380,M,S,0,89,8379000
8381,L,B,9902,293,8380000
8382,L,B,9964,365,8381000
8383,L,S,9921,19,8382000
8384,L,B,10081,312,8383000
8385,M,B,0,10,8384000
8386,L,S,10126,389,8385000
8387,L,S,10025,482,8386000
8388,L,S,9948,251,8387000
8389,L,S,9931,92,8388000
8390,C,,5651,0,8389000
8391,L,B,10031,384,8390000
8392,M,S,0,100,8391000
8393,L,S,9978,406,8392000
8394,C,,7144,0,8393000
8395,L,S,9974,220,8394000
8396,L,B,10035,451,8395000
8397,M,B,0,68,8396000
8398,L,B,10032,274,8397000
8399,L,B,10012,44,8398000
8400,C,,4453,0,8399000
8401,M,S,0,97,8400000
8402,L,B,9998,240,8401000
8403,C,,5617,0,8402000
8404,L,S,10020,500,8403000
8405,L,B,10089,161,8404000
8406,L,S,9879,291,8405000
8407,L,S,10122,138,8406000
8408,L,B,9892,361,8407000
8409,M,S,0,86,8408000
8410,L,B,9898,412,8409000
8411,L,S,10028,432,8410000
8412,L,S,9989,90,8411000
8413,C,,6082,0,8412000
8414,L,S,10009,213,8413000
8415,L,S,10059,363,8414000
8416,M,B,0,65,8415000
8417,C,,6704,0,8416000
8418,L,S,9851,46,8417000
8419,M,S,0,26,8418000
8420,M,B,0,34,8419000
8421,L,B,10080,43,8420000
8422,C,,8008,0,8421000
8423,M,S,0,19,8422000
8424,M,S,0,40,8423000
8425,L,S,9911,164,8424000
8426,L,B,9956,191,8425000
8427,M,B,0,88,8426000
8428,M,B,0,10,8427000
8429,L,B,9953,396,8428000
8430,M,S,0,98,8429000
8431,C,,6081,0,8430000
8432,L,B,9925,10,8431000
8433,M,B,0,27,8432000
8434,L,S,10024,277,8433000
8435,L,S,9846,220,8434000
8436,L,S,10055,275,8435000
8437,M,B,0,64,8436000
8438,C,,4901,0,8437000
8439,L,B,10025,339,8438000
8440,L,B,10004,166,8439000
8441,L,B,10034,87,8440000
8442,L,S,10024,6,8441000
8443,L,S,10048,150,8442000
8444,L,B,9954,375,8443000
8445,L,S,9960,56,8444000
8446,C,,4561,0,8445000
8447,M,B,0,95,8446000
8448,L,B,9935,216,8447000
8449,M,S,0,9,8448000
8450,L,B,10031,145,8449000
8451,L,S,10020,203,8450000
8452,L,S,10052,295,8451000
8453,L,B,10039,424,8452000
8454,M,B,0,39,8453000
8455,M,S,0,33,8454000
8456,L,B,10071,206,8455000
8457,L,S,10058,351,8456000
8458,M,S,0,3,8457000
8459,L,S,10024,495,8458000
8460,L,S,9918,250,8459000
8461,L,B,10083,59,8460000
8462,M,S,0,88,8461000
8463,L,S,10089,378,8462000
8464,C,,2287,0,8463000
8465,L,S,10041,489,8464000
8466,L,B,10051,61,8465000
8467,C,,4704,0,8466000
8468,L,B,10087,400,8467000
8469,C,,3516,0,8468000
8470,L,B,9938,90,8469000
8471,L,S,10013,363,8470000
8472,L,B,9994,142,8471000
8473,L,B,10050,102,8472000
8474,M,B,0,30,8473000
8475,M,S,0,25,8474000
8476,M,S,0,11,8475000
8477,L,B,9925,123,8476000
8478,C,,5858,0,8477000
8479,C,,7892,0,8478000
8480,L,S,9967,354,8479000
8481,M,B,0,21,8480000
8482,M,B,0,98,8481000
8483,L,S,10032,126,8482000
8484,L,S,9890,299,8483000
8485,M,S,0,2,8484000
8486,C,,6041,0,8485000
8487,M,S,0,59,8486000
8488,L,S,10121,42,8487000
8489,C,,725,0,8488000
8490,L,B,9855,458,8489000
8491,L,B,10000,130,8490000
8492,C,,6618,0,8491000
8493,L,B,9936,119,8492000
8494,M,S,0,76,8493000
8495,L,B,10052,198,8494000
8496,L,B,9894,207,8495000
8497,L,S,9961,224,8496000
8498,C,,319,0,8497000
8499,L,B,9926,432,8498000
8500,M,S,0,92,8499000
8501,L,S,10147,432,8500000
8502,L,B,10008,23,8501000
8503,L,B,9888,298,8502000
8504,M,S,0,93,8503000
8505,M,B,0,97,8504000
8506,C,,4980,0,8505000
8507,C,,6066,0,8506000
8508,L,B,9864,440,8507000
8509,L,B,9963,448,8508000
8510,C,,4263,0,8509000
8511,M,S,0,45,8510000
8512,L,S,10022,27,8511000
8513,L,S,9968,299,8512000
8514,C,,6334,0,8513000
8515,M,S,0,39,8514000
8516,M,B,0,16,8515000
8517,L,B,10083,201,8516000
8518,L,B,9975,149,8517000
8519,M,B,0,44,8518000
8520,L,S,10009,199,8519000
8521,M,B,0,65,8520000
8522,L,S,9963,349,8521000
8523,L,B,10079,490,8522000
8524,M,S,0,45,8523000
8525,M,B,0,56,8524000
8526,L,S,10005,306,8525000
8527,L,S,9922,35,8526000
8528,L,B,9893,210,8527000
8529,M,B,0,80,8528000
8530,M,B,0,57,8529000
8531,C,,7364,0,8530000
8532,L,B,10001,290,8531000
8533,C,,6948,0,8532000
8534,L,B,9955,240,8533000
8535,L,S,10053,36,8534000
8536,M,B,0,57,8535000
8537,M,S,0,16,8536000
8538,L,S,9859,89,8537000
8539,L,S,9855,335,8538000
8540,C,,5320,0,8539000
8541,L,B,10096,351,8540000
8542,C,,4646,0,8541000
8543,L,B,9887,130,8542000
8544,L,B,9898,206,8543000
8545,M,S,0,49,8544000
8546,L,S,9974,2,8545000
8547,L,B,9903,67,8546000
8548,L,B,10042,72,8547000
8549,L,B,9960,259,8548000
8550,L,B,10008,196,8549000
8551,C,,4999,0,8550000
8552,L,S,9986,285,8551000
8553,L,S,10011,55,8552000
8554,L,S,9941,386,8553000
8555,M,S,0,2,8554000
8556,L,B,10140,272,8555000
8557,M,B,0,57,8556000
8558,L,S,9967,497,8557000
8559,L,B,10083,498,8558000
8560,C,,7470,0,8559000
8561,L,B,10015,93,8560000
8562,L,S,10038,128,8561000
8563,C,,7920,0,8562000
8564,L,S,9988,319,8563000
8565,C,,5866,0,8564000
8566,L,S,10144,398,8565000
8567,L,B,9924,416,8566000
8568,L,S,9852,266,8567000
8569,L,S,10014,359,8568000
8570,L,S,10029,409,8569000
8571,L,S,9919,58,8570000
8572,L,S,9957,219,8571000
8573,L,B,10035,94,8572000
8574,L,S,9988,41,8573000
8575,M,B,0,63,8574000
8576,L,S,10002,77,8575000
8577,C,,3105,0,8576000
8578,M,S,0,84,8577000
8579,M,B,0,63,8578000
8580,L,B,9991,272,8579000
8581,L,B,10066,443,8580000
8582,M,B,0,35,8581000
8583,L,B,9906,10,8582000
8584,M,B,0,52,8583000
8585,M,S,0,33,8584000
8586,L,S,10020,118,8585000
8587,C,,6852,0,8586000
8588,L,S,10005,278,8587000
8589,C,,3789,0,8588000
8590,L,S,9945,191,8589000
8591,L,B,10083,111,8590000
8592,L,S,9942,6,8591000
8593,L,S,10039,305,8592000
8594,L,B,9955,249,8593000
8595,L,S,9924,52,8594000
8596,L,B,9985,49,8595000
8597,L,S,9929,434,8596000
8598,C,,2842,0,8597000
8599,L,B,9969,38,8598000
8600,L,B,10022,371,8599000
8601,M,B,0,30,8600000
8602,M,S,0,58,8601000
8603,M,S,0,74,8602000
8604,L,B,9969,245,8603000
8605,L,S,9975,275,8604000
8606,C,,6513,0,8605000
8607,C,,2727,0,8606000
8608,L,S,9983,411,8607000
8609,L,B,9992,10,8608000
8610,C,,7759,0,8609000
8611,L,S,10039,155,8610000
8612,M,B,0,40,8611000
8613,C,,5498,0,8612000
8614,L,B,10005,198,8613000
8615,L,S,10068,265,8614000
8616,C,,4582,0,8615000
8617,M,B,0,84,8616000
8618,L,S,10019,231,8617000
8619,L,S,9928,223,8618000
8620,M,B,0,22,8619000
8621,C,,4890,0,8620000
8622,L,S,10044,441,8621000
8623,L,S,10130,266,8622000
8624,L,S,10042,57,8623000
8625,L,B,9954,365,8624000
8626,C,,4358,0,8625000
8627,C,,1089,0,8626000
8628,M,S,0,74,8627000
8629,L,S,9990,10,8628000
8630,L,B,10081,242,8629000
8631,L,B,10015,26,8630000
8632,L,B,10005,34,8631000
8633,L,B,10009,148,8632000
8634,C,,6957,0,8633000
8635,L,S,10068,356,8634000
8636,M,B,0,34,8635000
8637,L,S,10021,119,8636000
8638,L,S,10114,368,8637000
8639,C,,1446,0,8638000
8640,C,,5982,0,8639000
8641,L,B,10030,236,8640000
8642,L,B,9989,160,8641000
8643,C,,4917,0,8642000
8644,L,S,9845,7,8643000
8645,C,,1594,0,8644000
8646,L,B,10083,313,8645000
8647,M,B,0,43,8646000
8648,L,S,9983,84,8647000
8649,L,S,10118,125,8648000
8650,M,S,0,83,8649000
8651,M,S,0,88,8650000
8652,L,S,10027,43,8651000
8653,C,,4769,0,8652000
8654,C,,564,0,8653000
8655,M,B,0,99,8654000
8656,C,,5552,0,8655000
8657,L,S,9885,207,8656000
8658,L,B,10026,9,8657000
8659,L,S,10086,326,8658000
8660,L,B,9977,431,8659000
8661,L,B,10007,232,8660000
8662,L,B,9996,134,8661000
8663,M,B,0,37,8662000
8664,L,B,9942,206,8663000
8665,L,S,9983,377,8664000
8666,L,S,9891,416,8665000
8667,C,,4396,0,8666000
8668,L,B,10010,301,8667000
8669,L,B,10086,109,8668000
8670,M,S,0,24,8669000
8671,M,S,0,23,8670000
8672,L,S,10012,128,8671000
8673,M,S,0,13,8672000
8674,C,,4730,0,8673000
8675,L,B,10072,142,8674000
8676,L,S,10023,93,8675000
8677,C,,7211,0,8676000
8678,L,S,9962,79,8677000
8679,L,B,9998,276,8678000
8680,L,S,10094,235,8679000
8681,L,B,9967,38,8680000
8682,L,B,10048,421,8681000
8683,L,B,10103,188,8682000
8684,C,,5882,0,8683000
8685,L,B,10018,412,8684000
8686,L,S,9932,140,8685000
8687,L,S,9923,419,8686000
8688,M,B,0,44,8687000
8689,L,B,9968,417,8688000
8690,L,B,9979,165,8689000
8691,L,S,10075,265,8690000
8692,L,B,10017,128,8691000
8693,M,S,0,45,8692000
8694,C,,6233,0,8693000
8695,M,B,0,89,8694000
8696,L,S,10163,316,8695000
8697,M,B,0,43,8696000
8698,M,S,0,41,8697000
8699,L,S,9925,458,8698000
8700,C,,7324,0,8699000
8701,M,B,0,66,8700000
8702,L,B,9992,431,8701000
8703,M,B,0,53,8702000
8704,L,S,10049,344,8703000
8705,M,S,0,47,8704000
8706,C,,7328,0,8705000
8707,L,B,10001,224,8706000
8708,C,,5704,0,8707000
8709,L,B,9999,161,8708000
8710,L,S,9938,334,8709000
8711,L,B,10000,450,8710000
8712,L,B,10036,13,8711000
8713,C,,8300,0,8712000
8714,L,S,10168,20,8713000
8715,L,B,9976,376,8714000
8716,L,B,10109,111,8715000
8717,L,B,9922,51,8716000
8718,L,B,9994,144,8717000
8719,M,S,0,85,8718000
8720,L,S,9970,496,8719000
8721,L,S,9989,376,8720000
8722,L,S,9939,477,8721000
8723,L,S,9858,322,8722000
8724,L,S,9967,286,8723000
8725,L,B,10058,246,8724000
8726,L,B,9962,250,8725000
8727,L,B,10005,327,8726000
8728,C,,2518,0,8727000
8729,M,S,0,38,8728000
8730,L,S,9941,145,8729000
8731,L,S,10016,373,8730000
8732,M,S,0,69,8731000
8733,L,S,9870,267,8732000
8734,M,S,0,73,8733000
8735,L,S,9901,178,8734000
8736,C,,4065,0,8735000
8737,L,S,9996,289,8736000
8738,L,B,10076,270,8737000
8739,L,B,9907,173,8738000
8740,M,S,0,11,8739000
8741,L,B,10096,24,8740000
8742,L,S,9956,156,8741000
8743,L,S,10050,258,8742000
8744,L,S,9918,76,8743000
8745,L,B,10033,179,8744000
8746,L,S,9899,110,8745000
8747,L,B,10048,245,8746000
8748,L,B,9987,254,8747000
8749,M,B,0,76,8748000
8750,M,S,0,14,8749000
8751,L,S,9973,345,8750000
8752,L,S,10061,71,8751000
8753,C,,5404,0,8752000
8754,L,B,10077,30,8753000
8755,C,,5482,0,8754000
8756,L,B,10106,341,8755000
8757,L,S,9996,432,8756000
8758,L,S,9940,267,8757000
8759,L,B,10042,194,8758000
8760,L,B,10035,145,8759000
8761,L,B,10113,344,8760000
8762,L,B,10041,81,8761000
8763,L,S,10022,116,8762000
8764,C,,8131,0,8763000
8765,M,S,0,14,8764000
8766,L,S,10066,139,8765000
8767,L,B,9984,263,8766000
8768,L,S,9949,409,8767000
8769,L,B,10062,80,8768000
8770,L,B,9995,66,8769000
8771,L,B,10003,460,8770000
8772,C,,998,0,8771000
8773,L,S,9877,489,8772000
8774,L,B,10038,338,8773000
8775,L,S,10050,473,8774000
8776,L,S,10014,396,8775000
8777,C,,376,0,8776000
8778,L,B,9905,411,8777000
8779,L,B,10043,297,8778000
8780,L,S,9986,326,8779000
8781,L,S,10051,196,8780000
8782,M,B,0,42,8781000
8783,L,B,9963,416,8782000
8784,C,,5269,0,8783000
8785,L,B,10075,75,8784000
8786,L,S,9987,275,8785000
8787,L,B,9965,371,8786000
8788,L,S,10002,188,8787000
8789,L,S,10026,429,8788000
8790,M,B,0,69,8789000
8791,L,B,9960,416,8790000
8792,L,B,9916,63,8791000
8793,L,B,9994,44,8792000
8794,L,B,9997,401,8793000
8795,M,S,0,73,8794000
8796,M,B,0,14,8795000
8797,M,S,0,79,8796000
8798,L,B,10158,347,8797000
8799,L,S,9947,372,8798000
8800,L,S,9978,33,8799000
8801,C,,4334,0,8800000
8802,L,B,9960,102,8801000
8803,M,S,0,15,8802000
8804,C,,2366,0,8803000
8805,L,S,9985,361,8804000
8806,L,B,10023,60,8805000
8807,L,S,10057,20,8806000
8808,L,B,10000,294,8807000
8809,M,S,0,50,8808000
8810,L,B,10030,109,8809000
8811,L,B,9933,135,8810000
8812,M,B,0,50,8811000
8813,L,B,10036,168,8812000
8814,M,B,0,35,8813000
8815,M,B,0,35,8814000
8816,L,B,9988,480,8815000
8817,L,B,9936,497,8816000
8818,L,B,9935,483,8817000
8819,L,S,9983,497,8818000
8820,C,,5396,0,8819000
8821,L,S,9936,208,8820000
8822,C,,1726,0,8821000
8823,L,B,10011,415,8822000
8824,L,B,10069,34,8823000
8825,M,S,0,45,8824000
8826,L,S,10005,19,8825000
8827,L,S,10101,309,8826000
8828,L,B,9976,165,8827000
8829,L,B,10016,477,8828000
8830,L,B,9848,205,8829000
8831,L,B,10059,288,8830000
8832,L,S,9931,140,8831000
8833,L,S,9960,240,8832000
8834,L,S,9974,28,8833000
8835,C,,7663,0,8834000
8836,M,B,0,10,8835000
8837,L,S,10017,392,8836000
8838,C,,7993,0,8837000
8839,L,S,9900,418,8838000
8840,C,,954,0,8839000
8841,L,B,9932,477,8840000
8842,C,,7478,0,8841000
8843,L,S,9981,19,8842000
8844,L,B,10010,473,8843000
8845,L,B,10152,183,8844000
8846,L,S,10091,230,8845000
8847,L,B,9960,340,8846000
8848,L,B,9931,360,8847000
8849,C,,6584,0,8848000
8850,C,,4469,0,8849000
8851,L,B,10002,109,8850000
8852,M,B,0,1,8851000
8853,C,,1398,0,8852000
8854,L,S,9985,300,8853000
8855,L,B,9950,369,8854000
8856,L,B,10034,379,8855000
8857,L,S,9970,233,8856000
8858,L,S,10008,156,8857000
8859,M,S,0,20,8858000
8860,L,B,9974,101,8859000
8861,M,S,0,45,8860000
8862,M,B,0,43,8861000
8863,C,,4707,0,8862000
8864,M,B,0,62,8863000
8865,M,B,0,59,8864000
8866,M,B,0,11,8865000
8867,C,,4681,0,8866000
8868,L,B,9849,64,8867000
8869,C,,8026,0,8868000
8870,C,,6813,0,8869000
8871,L,B,10063,329,8870000
8872,L,S,10002,423,8871000
8873,L,S,10077,199,8872000
8874,L,B,10071,358,8873000
8875,M,S,0,25,8874000
8876,C,,6554,0,8875000
8877,M,B,0,52,8876000
8878,L,S,9975,53,8877000
8879,C,,5962,0,8878000
8880,L,B,9932,448,8879000
8881,L,S,10000,357,8880000
8882,M,B,0,70,8881000
8883,C,,6913,0,8882000
8884,C,,3184,0,8883000
8885,L,B,10035,427,8884000
8886,C,,1388,0,8885000
8887,L,S,10089,4,8886000
8888,L,B,10171,491,8887000
8889,M,B,0,99,8888000
8890,M,B,0,42,8889000
8891,L,B,10041,288,8890000
8892,L,B,9940,395,8891000
8893,M,S,0,11,8892000
8894,L,B,10002,379,8893000
8895,L,B,10020,392,8894000
8896,L,S,9968,294,8895000
8897,L,S,9945,352,8896000
8898,C,,7009,0,8897000
8899,L,B,10023,136,8898000
8900,M,S,0,64,8899000
8901,M,S,0,60,8900000
8902,C,,4736,0,8901000
8903,L,B,9990,462,8902000
8904,C,,5802,0,8903000
8905,M,B,0,18,8904000
8906,L,B,10083,450,8905000
8907,L,B,9996,385,8906000
8908,L,S,9957,247,8907000
8909,L,S,10032,322,8908000
8910,C,,4397,0,8909000
8911,M,B,0,53,8910000
8912,L,B,9937,217,8911000
8913,L,B,9935,321,8912000
8914,L,B,10040,8,8913000
8915,M,B,0,74,8914000
8916,M,S,0,94,8915000
8917,L,B,9942,176,8916000
8918,L,S,10082,413,8917000
8919,L,B,10112,53,8918000
8920,L,S,10005,310,8919000
8921,M,S,0,22,8920000
8922,C,,5749,0,8921000
8923,L,S,10088,390,8922000
8924,L,B,9889,128,8923000
8925,M,S,0,55,8924000
8926,M,S,0,56,8925000
8927,L,S,9986,453,8926000
8928,L,B,10046,219,8927000
8929,L,S,9992,267,8928000
8930,L,S,9874,163,8929000
8931,M,S,0,85,8930000
8932,M,B,0,82,8931000
8933,C,,3468,0,8932000
8934,M,S,0,79,8933000
8935,L,S,10016,296,8934000
8936,L,B,9988,200,8935000
8937,C,,7855,0,8936000
8938,L,B,9949,454,8937000
8939,M,B,0,93,8938000
8940,L,B,9975,275,8939000
8941,M,B,0,41,8940000
8942,L,S,10050,291,8941000
8943,C,,7863,0,8942000
8944,M,S,0,74,8943000
8945,L,S,10129,162,8944000
8946,M,B,0,83,8945000
8947,M,B,0,58,8946000
8948,L,B,9982,33,8947000
8949,L,B,9883,7,8948000
8950,L,S,10094,76,8949000
8951,C,,6862,0,8950000
8952,C,,7798,0,8951000
8953,C,,2393,0,8952000
8954,L,B,9899,83,8953000
8955,L,B,9964,8,8954000
8956,L,B,10016,486,8955000
8957,L,B,9996,494,8956000
8958,L,B,9977,239,8957000
8959,L,S,9973,443,8958000
8960,L,B,10077,268,8959000
8961,L,B,9935,326,8960000
8962,L,S,10112,149,8961000
8963,L,B,9987,2,8962000
8964,L,B,9905,282,8963000
8965,L,S,9914,130,8964000
8966,M,B,0,88,8965000
8967,M,B,0,90,8966000
8968,L,S,9960,81,8967000
8969,L,S,9958,181,8968000
8970,L,S,10165,454,8969000
8971,L,S,10020,317,8970000
8972,L,S,9999,220,8971000
8973,C,,4163,0,8972000
8974,M,B,0,54,8973000
8975,L,B,10034,67,8974000
8976,L,B,9998,2,8975000
8977,M,B,0,35,8976000
8978,M,S,0,82,8977000
8979,L,S,9919,170,8978000
8980,M,S,0,56,8979000
8981,M,B,0,72,8980000
8982,L,S,10072,114,8981000
8983,L,S,9925,402,8982000
8984,L,B,9900,157,8983000
8985,L,B,9962,1,8984000
8986,L,B,9998,200,8985000
8987,L,B,10159,298,8986000
8988,L,B,9948,377,8987000
8989,L,B,9985,169,8988000
8990,M,B,0,53,8989000
8991,L,S,9913,265,8990000
8992,L,B,10053,50,8991000
8993,L,B,10040,494,8992000
8994,M,S,0,91,8993000
8995,L,S,9912,396,8994000
8996,L,B,10031,82,8995000
8997,M,S,0,18,8996000
8998,M,S,0,7,8997000
8999,L,S,10050,99,8998000
9000,C,,7546,0,8999000
9001,L,B,10096,489,9000000
9002,M,S,0,64,9001000
9003,C,,3597,0,9002000
9004,C,,3992,0,9003000
9005,L,B,9949,55,9004000
9006,L,S,10020,164,9005000
9007,L,B,9879,93,9006000
9008,L,S,9961,21,9007000
9009,L,S,9987,142,9008000
9010,L,B,10003,494,9009000
9011,L,S,10050,457,9010000
9012,M,B,0,98,9011000
9013,L,B,9977,456,9012000
9014,M,B,0,17,9013000
9015,L,S,9994,113,9014000
9016,L,S,10110,339,9015000
9017,M,S,0,24,9016000
9018,L,S,9972,181,9017000
9019,L,B,9916,437,9018000
9020,L,S,10030,403,9019000
9021,L,S,9988,157,9020000
9022,M,B,0,19,9021000
9023,L,B,9997,393,9022000
9024,C,,2399,0,9023000
9025,L,B,9824,435,9024000
9026,L,S,9944,238,9025000
9027,C,,1005,0,9026000
9028,M,B,0,45,9027000
9029,M,S,0,24,9028000
9030,L,B,9942,398,9029000
9031,L,B,10055,264,9030000
9032,L,B,9990,344,9031000
9033,L,S,9977,265,9032000
9034,L,S,10198,254,9033000
9035,L,S,10008,380,9034000
9036,L,B,10047,328,9035000
9037,L,S,9923,433,9036000
9038,L,B,9898,357,9037000
9039,L,B,9886,401,9038000
9040,C,,4365,0,9039000
9041,L,S,9999,347,9040000
9042,L,S,9863,263,9041000
9043,L,S,10124,263,9042000
9044,L,S,9954,280,9043000
9045,M,B,0,31,9044000
9046,C,,7870,0,9045000
9047,L,B,9967,5,9046000
9048,L,B,9863,255,9047000
9049,L,S,10128,483,9048000
9050,M,S,0,36,9049000
9051,L,S,9984,329,9050000
9052,M,S,0,40,9051000
9053,L,S,10065,464,9052000
9054,M,S,0,18,9053000
9055,L,S,10018,176,9054000
9056,L,B,10014,291,9055000
9057,L,B,9876,480,9056000
9058,M,B,0,44,9057000
9059,L,S,10023,169,9058000
9060,C,,1376,0,9059000
9061,L,S,10088,401,9060000
9062,L,B,9943,260,9061000
9063,M,S,0,64,9062000
9064,L,S,9998,409,9063000
9065,L,B,9800,112,9064000
9066,C,,1007,0,9065000
9067,L,S,9964,108,9066000
9068,L,B,9942,431,9067000
9069,L,S,9895,49,9068000
9070,C,,3912,0,9069000
9071,L,B,9946,274,9070000
9072,L,S,9945,77,9071000
9073,L,S,9946,121,9072000
9074,C,,7081,0,9073000
9075,L,S,10000,67,9074000
9076,C,,6067,0,9075000
9077,M,B,0,24,9076000
9078,L,S,10149,350,9077000
9079,M,B,0,21,9078000
9080,L,B,9964,344,9079000
9081,M,S,0,37,9080000
9082,L,B,9982,72,9081000
9083,C,,4772,0,9082000
9084,L,B,9988,150,9083000
9085,L,S,10066,364,9084000
9086,L,B,9943,356,9085000
9087,L,S,10032,21,9086000
9088,L,B,9981,38,9087000
9089,L,S,9985,185,9088000
9090,L,S,10154,410,9089000
9091,L,S,10066,475,9090000
9092,M,B,0,82,9091000
9093,L,S,10053,387,9092000
9094,M,S,0,42,9093000
9095,L,S,10030,446,9094000
9096,L,S,10023,333,9095000
9097,L,S,10064,146,9096000
9098,L,S,10010,128,9097000
9099,M,S,0,48,9098000
9100,L,S,9968,65,9099000
9101,C,,4245,0,9100000
9102,M,B,0,64,9101000
9103,L,S,10050,311,9102000
9104,M,B,0,28,9103000
9105,L,B,9836,296,9104000
9106,M,B,0,87,9105000
9107,M,B,0,67,9106000
9108,L,S,10104,126,9107000
9109,L,B,9935,73,9108000
9110,C,,7296,0,9109000
9111,C,,508,0,9110000
9112,L,S,9896,77,9111000
9113,L,B,10095,206,9112000
9114,L,S,9969,20,9113000
9115,L,S,9856,35,9114000
9116,C,,2478,0,9115000
9117,L,B,10035,300,9116000
9118,M,B,0,79,9117000
9119,L,B,9961,59,9118000
9120,L,S,10006,283,9119000
9121,L,S,10003,302,9120000
9122,M,S,0,10,9121000
9123,M,B,0,49,9122000
9124,M,S,0,15,9123000
9125,L,B,9878,13,9124000
9126,L,B,10017,29,9125000
9127,C,,2788,0,9126000
9128,C,,8457,0,9127000
9129,L,B,9991,384,9128000
9130,L,B,10051,287,9129000
9131,L,S,10018,275,9130000
9132,C,,3486,0,9131000
9133,C,,3119,0,9132000
9134,L,B,10053,426,9133000
9135,M,S,0,11,9134000
9136,C,,3499,0,9135000
9137,L,S,10082,28,9136000
9138,C,,4996,0,9137000
9139,L,B,9942,380,9138000
9140,C,,8210,0,9139000
9141,L,S,9999,214,9140000
9142,M,S,0,83,9141000
9143,L,S,9997,322,9142000
9144,L,S,10038,176,9143000
9145,L,B,9929,129,9144000
9146,L,S,10021,275,9145000
9147,L,B,10038,140,9146000
9148,L,B,9905,235,9147000
9149,M,B,0,56,9148000
9150,L,S,9910,489,9149000
9151,C,,8930,0,9150000
9152,L,B,9993,32,9151000
9153,M,B,0,19,9152000
9154,C,,1761,0,9153000
9155,M,S,0,33,9154000
9156,L,B,9928,39,9155000
9157,L,S,10112,18,9156000
9158,L,S,9936,407,9157000
9159,L,S,10048,494,9158000
9160,L,B,10176,296,9159000
9161,M,S,0,19,9160000
9162,L,S,10000,460,9161000
9163,L,B,10003,286,9162000
9164,M,B,0,48,9163000
9165,M,B,0,52,9164000
9166,M,B,0,78,9165000
9167,L,S,9949,349,9166000
9168,L,B,9857,61,9167000
9169,L,S,10056,400,9168000
9170,M,B,0,14,9169000
9171,L,B,9970,486,9170000
9172,L,S,10006,30,9171000
9173,L,B,10086,375,9172000
9174,L,B,9987,359,9173000
9175,L,S,9916,168,9174000
9176,C,,2167,0,9175000
9177,L,S,10051,474,9176000
9178,L,S,10029,285,9177000
9179,M,B,0,23,9178000
9180,L,B,10009,179,9179000
9181,M,S,0,21,9180000
9182,M,S,0,30,9181000
9183,M,S,0,5,9182000
9184,L,S,10067,241,9183000
9185,L,S,10126,309,9184000
9186,L,S,9956,441,9185000
9187,C,,4544,0,9186000
9188,C,,7289,0,9187000
9189,L,S,9914,232,9188000
9190,M,B,0,98,9189000
9191,L,B,9948,391,9190000
9192,M,S,0,22,9191000
9193,L,B,9914,146,9192000
9194,L,S,10013,482,9193000
9195,M,S,0,47,9194000
9196,L,S,10053,97,9195000
9197,L,S,10113,445,9196000
9198,L,B,9989,385,9197000
9199,L,S,10018,195,9198000
9200,L,S,9911,462,9199000
9201,L,S,10030,255,9200000
9202,M,S,0,59,9201000
9203,L,S,9951,410,9202000
9204,L,B,9987,41,9203000
9205,L,S,9921,18,9204000
9206,L,B,10025,206,9205000
9207,L,S,9946,346,9206000
9208,L,B,9959,296,9207000
9209,L,B,10075,133,9208000
9210,L,B,10043,303,9209000
9211,L,S,10056,47,9210000
9212,M,B,0,90,9211000
9213,L,S,10110,129,9212000
9214,L,B,9870,262,9213000
9215,L,S,9988,420,9214000
9216,L,B,9912,424,9215000
9217,L,B,9989,338,9216000
9218,L,S,9982,334,9217000
9219,L,S,9867,21,9218000
9220,C,,3158,0,9219000
9221,M,B,0,20,9220000
9222,L,S,9973,254,9221000
9223,M,B,0,43,9222000
9224,C,,5563,0,9223000
9225,L,B,9880,475,9224000
9226,L,S,9940,443,9225000
9227,L,S,10128,412,9226000
9228,L,S,9975,131,9227000
9229,L,S,9938,151,9228000
9230,L,B,10021,234,9229000
9231,C,,8099,0,9230000
9232,M,S,0,88,9231000
9233,L,S,10022,41,9232000
9234,L,B,10047,275,9233000
9235,L,B,10029,460,9234000
9236,L,B,9912,483,9235000
9237,M,S,0,65,9236000
9238,L,S,9930,237,9237000
9239,C,,6057,0,9238000
9240,L,B,9956,133,9239000
9241,C,,5546,0,9240000
9242,C,,4636,0,9241000
9243,L,B,9833,370,9242000
9244,C,,4275,0,9243000
9245,L,S,9861,2,9244000
9246,M,S,0,56,9245000
9247,L,B,9988,358,9246000
9248,L,B,9980,459,9247000
9249,L,S,10097,431,9248000
9250,C,,5428,0,9249000
9251,M,B,0,32,9250000
9252,L,S,10081,179,9251000
9253,L,S,10057,284,9252000
9254,M,B,0,17,9253000
9255,M,B,0,8,9254000
9256,C,,7883,0,9255000
9257,L,B,10026,315,9256000
9258,L,B,9981,194,9257000
9259,L,S,10044,231,9258000
9260,L,B,10000,226,9259000
9261,C,,3651,0,9260000
9262,M,S,0,92,9261000
9263,M,B,0,69,9262000
9264,L,S,10046,146,9263000
9265,L,S,9975,33,9264000
9266,M,B,0,81,9265000
9267,L,S,10034,8,9266000
9268,L,S,9928,389,9267000
9269,M,S,0,54,9268000
9270,L,S,9973,153,9269000
9271,L,S,9967,119,9270000
9272,L,B,10058,427,9271000
9273,L,S,10092,283,9272000
9274,M,B,0,18,9273000
9275,L,B,10016,340,9274000
9276,L,S,9983,474,9275000
9277,L,S,10007,140,9276000
9278,L,S,9912,90,9277000
9279,L,S,9931,355,9278000
9280,M,S,0,58,9279000
9281,C,,6034,0,9280000
9282,L,B,9939,86,9281000
9283,M,S,0,59,9282000
9284,L,S,9889,443,9283000
9285,L,S,10039,222,9284000
9286,C,,8664,0,9285000
9287,L,B,9978,404,9286000
9288,L,S,9935,219,9287000
9289,C,,6169,0,9288000
9290,L,B,10008,237,9289000
9291,M,S,0,93,9290000
9292,L,B,10076,288,9291000
9293,L,B,9998,497,9292000
9294,L,S,9918,117,9293000
9295,M,B,0,82,9294000
9296,L,S,10054,388,9295000
9297,C,,6582,0,9296000
9298,L,B,9962,333,9297000
9299,L,S,10019,430,9298000
9300,L,S,10002,170,9299000
9301,L,S,9978,362,9300000
9302,L,B,10107,113,9301000
9303,M,S,0,17,9302000
9304,L,B,9959,474,9303000
9305,M,S,0,3,9304000
9306,L,B,9997,498,9305000
9307,L,B,10113,149,9306000
9308,C,,8641,0,9307000
9309,L,S,9925,408,9308000
9310,L,S,9829,235,9309000
9311,L,B,10060,286,9310000
9312,L,S,10046,185,9311000
9313,M,B,0,37,9312000
9314,L,S,10007,403,9313000
9315,C,,6247,0,9314000
9316,L,B,10066,494,9315000
9317,C,,8559,0,9316000
9318,M,S,0,96,9317000
9319,M,B,0,30,9318000
9320,L,S,9982,354,9319000
9321,L,S,9983,170,9320000
9322,L,B,9994,338,9321000
9323,M,S,0,31,9322000
9324,M,B,0,41,9323000
9325,L,S,9985,432,9324000
9326,L,B,9989,13,9325000
9327,L,S,10076,106,9326000
9328,L,B,9991,490,9327000
9329,L,S,9954,356,9328000
9330,L,S,9971,389,9329000
9331,L,S,10000,127,9330000
9332,L,S,10132,281,9331000
9333,M,B,0,70,9332000
9334,M,S,0,47,9333000
9335,M,B,0,36,9334000
9336,M,B,0,52,9335000
9337,L,B,10046,336,9336000
9338,L,B,10002,164,9337000
9339,C,,6552,0,9338000
9340,L,S,9975,189,9339000
9341,L,S,9973,492,9340000
9342,L,S,9952,314,9341000
9343,L,S,10060,460,9342000
9344,L,S,10009,199,9343000
9345,L,S,10028,264,9344000
9346,L,S,10016,430,9345000
9347,L,B,10009,83,9346000
9348,M,B,0,85,9347000
9349,C,,3093,0,9348000
9350,M,B,0,59,9349000
9351,C,,8757,0,9350000
9352,L,S,10060,397,9351000
9353,M,B,0,41,9352000
9354,L,B,9971,154,9353000
9355,M,B,0,38,9354000
9356,M,B,0,8,9355000
9357,M,B,0,86,9356000
9358,L,S,9970,392,9357000
9359,L,B,10023,397,9358000
9360,L,B,10076,30,9359000
9361,L,S,9980,371,9360000
9362,C,,3540,0,9361000
9363,M,B,0,37,9362000
9364,L,S,9955,299,9363000
9365,L,S,10009,407,9364000
9366,M,S,0,12,9365000
9367,L,S,10095,422,9366000
9368,L,B,9981,182,9367000
9369,L,B,9904,291,9368000
9370,L,B,10067,468,9369000
9371,L,B,9966,467,9370000
9372,M,S,0,42,9371000
9373,L,B,9916,489,9372000
9374,C,,2584,0,9373000
9375,L,B,9971,494,9374000
9376,M,B,0,65,9375000
9377,M,B,0,26,9376000
9378,L,S,9927,457,9377000
9379,L,S,9929,45,9378000
9380,L,B,10013,60,9379000
9381,L,S,9970,318,9380000
9382,L,S,10007,115,9381000
9383,L,B,10026,440,9382000
9384,L,B,9880,26,9383000
9385,L,S,9890,365,9384000
9386,L,B,9897,81,9385000
9387,L,S,10063,56,9386000
9388,M,S,0,5,9387000
9389,L,B,10012,494,9388000
9390,L,S,10057,106,9389000
9391,L,S,10007,442,9390000
9392,L,B,10070,154,9391000
9393,C,,1702,0,9392000
9394,C,,2037,0,9393000
9395,L,S,9948,48,9394000
9396,L,S,9867,407,9395000
9397,M,B,0,42,9396000
9398,M,B,0,31,9397000
9399,M,S,0,3,9398000
9400,M,S,0,35,9399000
9401,C,,5095,0,9400000
9402,L,B,10025,458,9401000
9403,L,S,9994,177,9402000
9404,L,S,9894,79,9403000
9405,L,S,10031,236,9404000
9406,L,B,9921,61,9405000
9407,L,S,10076,340,9406000
9408,L,S,9996,498,9407000
9409,C,,1402,0,9408000
9410,L,S,9971,387,9409000
9411,L,S,10042,439,9410000
9412,L,B,10008,396,9411000
9413,L,B,10009,177,9412000
9414,L,B,9990,468,9413000
9415,L,S,9920,126,9414000
9416,C,,3004,0,9415000
9417,C,,4844,0,9416000
9418,L,B,10061,15,9417000
9419,L,S,9949,401,9418000
9420,L,B,10112,468,9419000
9421,L,S,9959,94,9420000
9422,L,B,9984,16,9421000
9423,M,B,0,69,9422000
9424,M,B,0,90,9423000
9425,L,S,10047,88,9424000
9426,L,B,10127,375,9425000
9427,L,S,10031,456,9426000
9428,L,S,10074,355,9427000
9429,L,B,10103,183,9428000
9430,L,S,9964,109,9429000
9431,L,B,9939,13,9430000
9432,C,,5789,0,9431000
9433,L,B,9968,385,9432000
9434,L,B,9958,364,9433000
9435,L,B,9984,289,9434000
9436,M,B,0,31,9435000
9437,L,B,9977,225,9436000
9438,L,B,9936,216,9437000
9439,C,,5240,0,9438000
9440,L,S,10049,202,9439000
9441,L,S,9982,67,9440000
9442,L,B,9941,87,9441000
9443,L,B,10016,20,9442000
9444,L,B,9975,57,9443000
9445,M,B,0,11,9444000
9446,L,B,10075,58,9445000
9447,M,S,0,90,9446000
9448,L,B,9944,53,9447000
9449,L,S,10033,441,9448000
9450,L,B,10077,205,9449000
9451,M,B,0,43,9450000
9452,L,S,10048,139,9451000
9453,L,B,9995,257,9452000
9454,C,,6753,0,9453000
9455,L,B,10109,435,9454000
9456,C,,4581,0,9455000
9457,L,B,9999,149,9456000
9458,C,,5234,0,9457000
9459,L,B,10015,174,9458000
9460,M,B,0,53,9459000
9461,M,B,0,30,9460000
9462,C,,2077,0,9461000
9463,L,S,9978,255,9462000
9464,M,S,0,67,9463000
9465,L,S,9972,465,9464000
9466,L,B,10106,495,9465000
9467,M,S,0,27,9466000
9468,L,S,10076,274,9467000
9469,L,S,10082,429,9468000
9470,M,B,0,75,9469000
9471,L,B,10029,367,9470000
9472,L,B,9941,17,9471000
9473,L,B,9868,211,9472000
9474,M,S,0,97,9473000
9475,M,B,0,36,9474000
9476,M,S,0,72,9475000
9477,L,S,10118,18,9476000
9478,L,B,9971,415,9477000
9479,L,S,9980,449,9478000
9480,M,B,0,24,9479000
9481,L,B,9916,146,9480000
9482,L,B,9951,428,9481000
9483,L,S,9975,357,9482000
9484,L,S,10126,67,9483000
9485,L,B,9976,4,9484000
9486,C,,2560,0,9485000
9487,L,S,10106,368,9486000
9488,C,,7667,0,9487000
9489,L,B,9911,297,9488000
9490,M,B,0,97,9489000
9491,L,B,9988,210,9490000
9492,M,S,0,21,9491000
9493,L,S,10030,264,9492000
9494,L,S,9961,24,9493000
9495,L,B,9907,239,9494000
9496,L,S,10074,146,9495000
9497,L,B,10074,208,9496000
9498,C,,4719,0,9497000
9499,L,B,10161,290,9498000
9500,L,B,10000,358,9499000
9501,C,,5478,0,9500000
9502,L,S,9909,126,9501000
9503,L,B,9894,77,9502000
9504,M,S,0,70,9503000
9505,L,B,10040,242,9504000
9506,M,S,0,85,9505000
9507,L,S,10072,64,9506000
9508,M,B,0,18,9507000
9509,L,B,9989,365,9508000
9510,L,S,10072,175,9509000
9511,L,B,9975,428,9510000
9512,L,S,9810,240,9511000
9513,C,,8687,0,9512000
9514,M,B,0,93,9513000
9515,C,,8227,0,9514000
9516,M,B,0,54,9515000
9517,L,B,9959,365,9516000
9518,L,S,10029,299,9517000
9519,C,,4749,0,9518000
9520,L,S,9963,375,9519000
9521,M,S,0,63,9520000
9522,L,S,10042,395,9521000
9523,M,S,0,84,9522000
9524,M,S,0,24,9523000
9525,L,S,9914,287,9524000
9526,M,S,0,64,9525000
9527,L,B,9846,287,9526000
9528,L,B,10029,172,9527000
9529,C,,3348,0,9528000
9530,L,S,10039,395,9529000
9531,L,B,10109,208,9530000
9532,L,S,9979,31,9531000
9533,L,S,9989,278,9532000
9534,L,S,10006,432,9533000
9535,L,S,10045,185,9534000
9536,L,B,9916,207,9535000
9537,M,S,0,18,9536000
9538,C,,85,0,9537000
9539,M,B,0,96,9538000
9540,L,S,10000,11,9539000
9541,L,S,9872,250,9540000
9542,L,B,9925,214,9541000
9543,C,,7500,0,9542000
9544,M,S,0,29,9543000
9545,L,B,9919,431,9544000
9546,M,S,0,74,9545000
9547,C,,8596,0,9546000
9548,L,S,9918,355,9547000
9549,L,S,9945,277,9548000
9550,L,B,9963,178,9549000
9551,L,B,9916,147,9550000
9552,M,B,0,44,9551000
9553,L,B,9941,347,9552000
9554,L,S,10029,262,9553000
9555,L,B,10053,245,9554000
9556,L,B,10000,471,9555000
9557,M,B,0,43,9556000
9558,M,S,0,8,9557000
9559,L,S,9836,116,9558000
9560,L,B,10124,381,9559000
9561,L,S,9999,475,9560000
9562,L,B,10040,124,9561000
9563,L,S,10014,237,9562000
9564,M,S,0,100,9563000
9565,M,S,0,30,9564000
9566,L,B,9800,176,9565000
9567,L,B,9893,189,9566000
9568,L,B,10024,286,9567000
9569,L,S,9830,32,9568000
9570,M,B,0,27,9569000
9571,L,S,9914,209,9570000
9572,L,B,10046,112,9571000
9573,C,,2869,0,9572000
9574,L,S,10053,357,9573000
9575,L,S,10006,72,9574000
9576,C,,4398,0,9575000
9577,L,B,9953,173,9576000
9578,M,B,0,5,9577000
9579,L,B,9889,358,9578000
9580,M,B,0,70,9579000
9581,M,B,0,84,9580000
9582,L,S,10020,18,9581000
9583,L,B,9996,455,9582000
9584,M,S,0,81,9583000
9585,L,S,10043,264,9584000
9586,L,B,9909,43,9585000
9587,L,S,10067,457,9586000
9588,L,S,9995,52,9587000
9589,L,S,10046,329,9588000
9590,L,S,9988,487,9589000
9591,L,S,9970,277,9590000
9592,L,S,9962,433,9591000
9593,M,B,0,94,9592000
9594,M,B,0,48,9593000
9595,L,S,9960,406,9594000
9596,L,S,10030,166,9595000
9597,L,B,10046,422,9596000
9598,L,S,10090,268,9597000
9599,L,S,9995,135,9598000
9600,M,B,0,72,9599000
9601,L,S,10088,315,9600000
9602,C,,7977,0,9601000
9603,C,,8649,0,9602000
9604,C,,4272,0,9603000
9605,L,B,10021,122,9604000
9606,L,S,9939,346,9605000
9607,L,B,10062,186,9606000
9608,M,S,0,94,9607000
9609,L,B,9944,467,9608000
9610,M,S,0,82,9609000
9611,M,B,0,83,9610000
9612,L,S,10043,254,9611000
9613,L,B,9975,348,9612000
9614,L,B,10082,287,9613000
9615,L,S,10091,119,9614000
9616,L,B,10057,76,9615000
9617,C,,6793,0,9616000
9618,L,B,9933,124,9617000
9619,C,,7610,0,9618000
9620,L,S,10089,213,9619000
9621,L,S,9889,148,9620000
9622,L,S,9902,179,9621000
9623,L,S,9939,340,9622000
9624,M,B,0,61,9623000
9625,L,B,10036,17,9624000
9626,L,S,10082,377,9625000
9627,M,B,0,27,9626000
9628,L,B,10053,350,9627000
9629,M,B,0,95,9628000
9630,L,S,10029,96,9629000
9631,L,S,10099,146,9630000
9632,C,,7762,0,9631000
9633,L,B,10069,201,9632000
9634,L,B,9992,64,9633000
9635,L,B,9933,369,9634000
9636,C,,665,0,9635000
9637,M,B,0,96,9636000
9638,L,B,9979,474,9637000
9639,M,S,0,72,9638000
9640,C,,4036,0,9639000
9641,M,S,0,79,9640000
9642,L,S,10173,408,9641000
9643,L,S,10112,344,9642000
9644,L,B,10056,469,9643000
9645,C,,6595,0,9644000
9646,L,S,10039,8,9645000
9647,L,S,10041,215,9646000
9648,L,S,9903,154,9647000
9649,L,B,10038,120,9648000
9650,L,S,10164,452,9649000
9651,L,S,10081,67,9650000
9652,L,S,9934,338,9651000
9653,L,B,10024,98,9652000
9654,L,S,9986,156,9653000
9655,M,B,0,76,9654000
9656,L,S,9818,141,9655000
9657,L,B,9998,23,9656000
9658,L,B,9981,21,9657000
9659,L,S,10042,30,9658000
9660,L,B,10061,425,9659000
9661,M,B,0,78,9660000
9662,C,,3494,0,9661000
9663,L,B,9927,397,9662000
9664,C,,6496,0,9663000
9665,L,B,9892,96,9664000
9666,M,S,0,50,9665000
9667,L,B,10197,232,9666000
9668,L,S,10057,159,9667000
9669,L,B,10016,219,9668000
9670,L,B,10014,207,9669000
9671,L,B,9957,221,9670000
9672,M,S,0,85,9671000
9673,M,B,0,11,9672000
9674,L,B,9899,122,9673000
9675,M,S,0,52,9674000
9676,M,S,0,71,9675000
9677,M,S,0,92,9676000
9678,C,,1747,0,9677000
9679,L,S,10164,23,9678000
9680,L,S,10058,114,9679000
9681,L,B,10056,433,9680000
9682,L,S,9999,418,9681000
9683,L,B,9998,384,9682000
9684,L,S,10030,438,9683000
9685,L,S,10052,6,9684000
9686,L,S,10041,151,9685000
9687,M,S,0,13,9686000
9688,C,,2198,0,9687000
9689,C,,9203,0,9688000
9690,L,S,10008,335,9689000
9691,M,S,0,78,9690000
9692,L,S,10024,402,9691000
9693,M,B,0,46,9692000
9694,L,S,10062,344,9693000
9695,M,S,0,29,9694000
9696,M,S,0,69,9695000
9697,L,S,10021,248,9696000
9698,L,B,9926,160,9697000
9699,L,B,10061,385,9698000
9700,M,S,0,72,9699000
9701,C,,6603,0,9700000
9702,L,S,9916,360,9701000
9703,L,B,10050,107,9702000
9704,M,B,0,25,9703000
9705,L,B,10073,493,9704000
9706,L,S,10107,136,9705000
9707,L,B,9960,424,9706000
9708,L,S,10137,254,9707000
9709,L,S,10067,198,9708000
9710,L,B,9937,55,9709000
9711,L,S,9984,485,9710000
9712,C,,7263,0,9711000
9713,M,S,0,93,9712000
9714,L,B,10061,426,9713000
9715,L,B,10024,163,9714000
9716,L,B,10065,25,9715000
9717,M,B,0,11,9716000
9718,C,,2918,0,9717000
9719,C,,4586,0,9718000
9720,C,,4448,0,9719000
9721,L,B,10054,183,9720000
9722,L,S,10010,469,9721000
9723,L,B,9913,78,9722000
9724,L,S,10024,221,9723000
9725,L,S,9945,359,9724000
9726,L,S,10010,299,9725000
9727,M,S,0,74,9726000
9728,M,S,0,7,9727000
9729,C,,6519,0,9728000
9730,L,B,10008,34,9729000
9731,L,B,10014,266,9730000
9732,L,S,10068,398,9731000
9733,L,S,9990,131,9732000
9734,M,S,0,6,9733000
9735,C,,1859,0,9734000
9736,M,B,0,14,9735000
9737,L,S,9997,283,9736000
9738,M,B,0,73,9737000
9739,L,B,10011,207,9738000
9740,L,S,9989,436,9739000
9741,M,S,0,65,9740000
9742,L,S,9974,175,9741000
9743,L,S,9932,113,9742000
9744,M,S,0,45,9743000
9745,L,B,9996,141,9744000
9746,L,B,10091,317,9745000
9747,M,B,0,46,9746000
9748,L,S,9915,92,9747000
9749,L,B,9882,390,9748000
9750,L,B,9945,44,9749000
9751,C,,6325,0,9750000
9752,L,B,10036,481,9751000
9753,C,,5465,0,9752000
9754,L,S,9977,151,9753000
9755,M,B,0,67,9754000
9756,L,S,9976,69,9755000
9757,C,,6915,0,9756000
9758,L,S,10027,389,9757000
9759,L,B,9993,369,9758000
9760,L,B,10006,268,9759000
9761,L,S,9944,205,9760000
9762,C,,9660,0,9761000
9763,C,,7256,0,9762000
9764,L,B,9949,430,9763000
9765,L,B,10039,351,9764000
9766,L,B,10098,255,9765000
9767,C,,4204,0,9766000
9768,L,S,9926,166,9767000
9769,L,B,10011,424,9768000
9770,M,S,0,1,9769000
9771,L,S,10036,268,9770000
9772,M,B,0,50,9771000
9773,C,,7802,0,9772000
9774,L,B,10035,77,9773000
9775,L,B,9951,375,9774000
9776,C,,6122,0,9775000
9777,L,B,9985,191,9776000
9778,C,,498,0,9777000
9779,L,S,9922,320,9778000
9780,L,S,10001,368,9779000
9781,M,B,0,11,9780000
9782,C,,9471,0,9781000
9783,L,B,10034,382,9782000
9784,L,B,10057,329,9783000
9785,M,B,0,4,9784000
9786,M,S,0,63,9785000
9787,L,B,9866,465,9786000
9788,M,B,0,82,9787000
9789,L,S,9930,353,9788000
9790,C,,1171,0,9789000
9791,M,B,0,15,9790000
9792,L,S,9955,117,9791000
9793,L,B,10124,462,9792000
9794,M,B,0,14,9793000
9795,M,S,0,88,9794000
9796,L,B,9952,160,9795000
9797,L,B,10080,316,9796000
9798,M,B,0,28,9797000
9799,M,B,0,61,9798000
9800,L,B,9997,484,9799000
9801,C,,2838,0,9800000
9802,L,S,9975,273,9801000
9803,L,S,10077,253,9802000
9804,M,B,0,40,9803000
9805,L,B,9972,60,9804000
9806,L,B,9966,270,9805000
9807,M,S,0,71,9806000
9808,L,B,10000,118,9807000
9809,L,S,10060,262,9808000
9810,C,,3407,0,9809000
9811,L,B,9944,469,9810000
9812,L,B,10043,66,9811000
9813,L,S,9969,424,9812000
9814,L,B,10099,341,9813000
9815,L,S,9990,432,9814000
9816,M,S,0,50,9815000
9817,L,S,10023,53,9816000
9818,L,S,10022,337,9817000
9819,M,B,0,38,9818000
9820,M,S,0,33,9819000
9821,M,B,0,1,9820000
9822,L,B,10026,413,9821000
9823,L,B,9992,404,9822000
9824,C,,6844,0,9823000
9825,C,,6445,0,9824000
9826,M,B,0,27,9825000
9827,L,S,10035,314,9826000
9828,C,,2297,0,9827000
9829,M,S,0,47,9828000
9830,L,S,10088,478,9829000
9831,L,S,9924,432,9830000
9832,L,B,10020,106,9831000
9833,M,B,0,38,9832000
9834,L,S,10003,187,9833000
9835,M,S,0,46,9834000
9836,M,S,0,81,9835000
9837,L,S,9873,244,9836000
9838,L,B,9995,364,9837000
9839,C,,2911,0,9838000
9840,L,S,10051,112,9839000
9841,L,S,10074,113,9840000
9842,L,B,9968,488,9841000
9843,C,,4348,0,9842000
9844,L,B,10130,118,9843000
9845,C,,6011,0,9844000
9846,L,B,10008,231,9845000
9847,L,B,9993,160,9846000
9848,M,S,0,68,9847000
9849,L,B,9928,371,9848000
9850,C,,5030,0,9849000
9851,L,B,10016,207,9850000
9852,L,S,10061,7,9851000
9853,L,S,9993,194,9852000
9854,C,,3055,0,9853000
9855,L,S,10020,496,9854000
9856,L,S,9974,276,9855000
9857,L,S,10118,258,9856000
9858,L,S,9943,85,9857000
9859,L,S,10002,134,9858000
9860,M,B,0,27,9859000
9861,L,B,9965,154,9860000
9862,M,B,0,76,9861000
9863,C,,7510,0,9862000
9864,L,S,10065,338,9863000
9865,C,,866,0,9864000
9866,C,,9039,0,9865000
9867,L,B,10015,94,9866000
9868,L,S,9978,267,9867000
9869,M,B,0,72,9868000
9870,L,S,10200,337,9869000
9871,L,S,9973,496,9870000
9872,L,B,10012,447,9871000
9873,L,B,9974,388,9872000
9874,M,B,0,91,9873000
9875,M,B,0,49,9874000
9876,L,S,9990,49,9875000
9877,L,B,9968,186,9876000
9878,M,S,0,81,9877000
9879,M,S,0,34,9878000
9880,L,S,10052,256,9879000
9881,L,B,10089,210,9880000
9882,L,S,10069,173,9881000
9883,L,B,9944,253,9882000
9884,L,B,10041,108,9883000
9885,L,S,10113,159,9884000
9886,L,B,10055,305,9885000
9887,L,B,10033,13,9886000
9888,C,,9057,0,9887000
9889,M,B,0,63,9888000
9890,C,,3965,0,9889000
9891,L,S,9800,348,9890000
9892,M,S,0,15,9891000
9893,L,B,10022,313,9892000
9894,L,B,10015,496,9893000
9895,L,B,10000,129,9894000
9896,L,B,9932,39,9895000
9897,L,S,10004,372,9896000
9898,L,B,10000,410,9897000
9899,C,,4949,0,9898000
9900,M,S,0,3,9899000
9901,L,S,10028,490,9900000
9902,L,S,9914,247,9901000
9903,L,S,10072,481,9902000
9904,L,B,10012,119,9903000
9905,L,B,10097,61,9904000
9906,L,B,10022,100,9905000
9907,L,B,10006,187,9906000
9908,L,B,10040,290,9907000
9909,L,B,9994,241,9908000
9910,L,S,10062,331,9909000
9911,L,S,9959,394,9910000
9912,C,,8034,0,9911000
9913,L,B,10015,172,9912000
9914,L,S,10037,256,9913000
9915,L,S,9936,374,9914000
9916,M,B,0,76,9915000
9917,L,B,9899,445,9916000
9918,L,S,9995,387,9917000
9919,L,S,9902,243,9918000
9920,L,B,9986,194,9919000
9921,C,,8189,0,9920000
9922,C,,9657,0,9921000
9923,L,B,9986,438,9922000
9924,L,B,9959,255,9923000
9925,L,B,10039,253,9924000
9926,M,S,0,98,9925000
9927,C,,9707,0,9926000
9928,L,S,10054,136,9927000
9929,M,S,0,84,9928000
9930,M,B,0,34,9929000
9931,M,S,0,57,9930000
9932,M,B,0,81,9931000
9933,M,B,0,57,9932000
9934,C,,5997,0,9933000
9935,L,S,10009,187,9934000
9936,L,B,10010,308,9935000
9937,L,S,9982,269,9936000
9938,L,B,10124,117,9937000
9939,L,B,10035,413,9938000
9940,M,B,0,5,9939000
9941,M,B,0,1,9940000
9942,L,S,9966,102,9941000
9943,M,B,0,52,9942000
9944,L,B,9961,308,9943000
9945,L,S,9969,269,9944000
9946,L,S,10006,114,9945000
9947,L,B,9985,412,9946000
9948,C,,2110,0,9947000
9949,L,S,9969,362,9948000
9950,L,B,10027,53,9949000
9951,L,S,10039,118,9950000
9952,C,,7824,0,9951000
9953,L,B,10048,104,9952000
9954,C,,7037,0,9953000
9955,L,S,9981,404,9954000
9956,C,,7032,0,9955000
9957,C,,982,0,9956000
9958,L,S,10189,488,9957000
9959,L,B,10037,243,9958000
9960,L,B,9923,76,9959000
9961,M,S,0,98,9960000
9962,L,S,10123,11,9961000
9963,L,B,10057,23,9962000
9964,L,S,9963,59,9963000
9965,L,S,9919,135,9964000
9966,L,B,9932,266,9965000
9967,L,B,9970,428,9966000
9968,L,B,9999,229,9967000
9969,C,,6709,0,9968000
9970,L,S,10139,271,9969000
9971,L,S,10119,177,9970000
9972,M,S,0,88,9971000
9973,L,B,10017,390,9972000
9974,L,S,10048,222,9973000
9975,M,B,0,11,9974000
9976,L,S,9943,278,9975000
9977,M,B,0,21,9976000
9978,L,B,9971,442,9977000
9979,L,B,9853,97,9978000
9980,L,B,9928,495,9979000
9981,L,S,9949,359,9980000
9982,M,B,0,32,9981000
9983,L,S,9944,356,9982000
9984,L,S,10020,251,9983000
9985,L,S,9923,433,9984000
9986,L,B,9920,16,9985000
9987,M,B,0,64,9986000
9988,L,B,10023,331,9987000
9989,L,S,10079,138,9988000
9990,L,B,10050,431,9989000
9991,M,B,0,56,9990000
9992,C,,6123,0,9991000
9993,M,S,0,1,9992000
9994,C,,5140,0,9993000
9995,L,B,10003,264,9994000
9996,L,B,10053,445,9995000
9997,M,B,0,85,9996000
9998,M,S,0,33,9997000
9999,L,S,10049,220,9998000
10000,L,S,9999,137,9999000
